Country name,year,GDP,GDP Growth (%)
Aruba,2015,2962907263,-0.623625902
Africa Eastern and Southern,2015,8.98E+11,3.004936899
Afghanistan,2015,19134221640,1.451314661
Africa Western and Central,2015,7.72E+11,2.720364536
Angola,2015,90496420500,0.943571561
Albania,2015,11386853110,2.218726375
Andorra,2015,2789881259,1.434140395
Arab World,2015,2.54E+12,3.243988903
United Arab Emirates,2015,3.70E+11,6.786772879
Argentina,2015,5.95E+11,2.731159828
Armenia,2015,10553337510,3.199999999
American Samoa,2015,673000000,3.149606299
Antigua and Barbuda,2015,1437755556,1.445155299
Australia,2015,1.35E+12,2.190169287
Austria,2015,3.80E+11,1.303523098
Azerbaijan,2015,53076235350,1.093975916
Burundi,2015,3104003546,-3.90000008
Belgium,2015,4.61E+11,1.474164386
Benin,2015,11388160990,1.77815106
Burkina Faso,2015,11832159310,3.921228794
Bangladesh,2015,1.95E+11,6.552639878
Bulgaria,2015,50811995680,3.397553259
Bahrain,2015,32523297870,2.507872053
"Bahamas, The",2015,11671900000,0.996758611
Bosnia and Herzegovina,2015,16404348870,4.314750611
Belarus,2015,56454889140,-3.829570558
Belize,2015,2193050000,2.876183795
Bermuda,2015,6654541000,0.7755297
Bolivia,2015,33000198240,4.857187232
Brazil,2015,1.80E+12,-3.545763393
Barbados,2015,5288057750,-0.846098521
Brunei Darussalam,2015,12930296850,-0.392383488
Bhutan,2015,2187815804,6.66080134
Botswana,2015,13530748840,-4.85133564
Central African Republic,2015,1695825714,4.33712103
Canada,2015,1.56E+12,0.649970994
Central Europe and the Baltics,2015,1.30E+12,4.006392316
Switzerland,2015,6.94E+11,1.644627687
Channel Islands,2015,10109968840,0.374367231
Chile,2015,2.42E+11,2.151942499
China,2015,1.11E+13,7.041328879
Cote d'Ivoire,2015,45815005160,7.194949427
Cameroon,2015,32210233020,5.666952987
"Congo, Dem. Rep.",2015,37917706490,6.916167119
"Congo, Rep.",2015,12434793860,0.415193061
Colombia,2015,2.93E+11,2.955901375
Comoros,2015,966029600.9,1.147350761
Cabo Verde,2015,1749857620,0.936026508
Costa Rica,2015,56441920820,3.652080968
Caribbean small states,2015,35085992990,0.21376548
Cuba,2015,87132800000,4.438333589
Curacao,2015,3058779218,0.458151544
Cayman Islands,2015,4708167233,2.833122226
Cyprus,2015,19909278410,3.41892299
Czechia,2015,1.89E+11,4.95875849
Germany,2015,3.42E+12,1.652719772
Djibouti,2015,2424391785,7.526108919
Dominica,2015,540737037,-2.731503063
Denmark,2015,3.02E+11,2.104414587
Dominican Republic,2015,71164826830,6.927018772
Algeria,2015,1.87E+11,3.2
East Asia & Pacific (excluding high income),2015,1.33E+13,6.707662159
Early-demographic dividend,2015,1.02E+13,4.405667127
East Asia & Pacific,2015,2.20E+13,4.728501051
Europe & Central Asia (excluding high income),2015,1.51E+12,3.571058246
Europe & Central Asia,2015,2.06E+13,2.098396074
Ecuador,2015,97209558000,0.119692109
"Egypt, Arab Rep.",2015,3.29E+11,4.372019078
Euro area,2015,1.18E+13,2.14103196
Spain,2015,1.21E+12,4.060866697
Estonia,2015,23311847750,1.838157048
Ethiopia,2015,64589328550,10.39246302
European Union,2015,1.37E+13,2.370901228
Fragile and conflict affected situations,2015,1.62E+12,0.820425464
Finland,2015,2.33E+11,0.466503518
Fiji,2015,4682479912,4.501199383
France,2015,2.44E+12,1.066754735
Faroe Islands,2015,2573905971,0.958001934
"Micronesia, Fed. Sts.",2015,316489900,4.621884004
Gabon,2015,14383107760,3.878899395
United Kingdom,2015,2.93E+12,2.222888449
Georgia,2015,15223796140,3.351023503
Ghana,2015,49406010050,2.120759338
Guinea,2015,8794201743,3.825910569
"Gambia, The",2015,1378176609,4.058073804
Guinea-Bissau,2015,1152384167,6.134089362
Equatorial Guinea,2015,13185496880,-9.110041149
Greece,2015,1.95E+11,-0.228301959
Grenada,2015,997007407.4,6.445223147
Greenland,2015,2499113023,-2.529318024
Guatemala,2015,62186064710,4.092170816
Guam,2015,5799000000,0.825688073
Guyana,2015,4279840194,0.687404591
High income,2015,4.99E+13,2.33977306
"Hong Kong SAR, China",2015,3.09E+11,2.387777134
Honduras,2015,20979791680,3.840079971
Heavily indebted poor countries (HIPC),2015,6.69E+11,4.694812759
Croatia,2015,51005200660,2.323175158
Haiti,2015,14849629300,1.400000009
Hungary,2015,1.25E+11,3.707315979
IBRD only,2015,2.58E+13,4.389669371
IDA & IBRD total,2015,2.80E+13,4.309269718
IDA total,2015,2.16E+12,3.366660573
IDA blend,2015,1.06E+12,3.699027541
Indonesia,2015,8.61E+11,4.8763223
IDA only,2015,1.10E+12,3.049084194
Isle of Man,2015,7084800892,-0.385867274
India,2015,2.10E+12,7.996253786
Ireland,2015,3.02E+11,24.61556998
"Iran, Islamic Rep.",2015,4.09E+11,-1.424884939
Iraq,2015,1.67E+11,2.606766429
Iceland,2015,17517210510,4.436663719
Israel,2015,3.03E+11,2.313510735
Italy,2015,1.85E+12,0.885667638
Jamaica,2015,14188936950,0.921487125
Jordan,2015,38587017880,2.496528793
Japan,2015,4.44E+12,1.560626697
Kazakhstan,2015,1.84E+11,1.200000001
Kenya,2015,70120446890,4.967721128
Kyrgyz Republic,2015,6678177512,3.875825445
Cambodia,2015,24174170360,7.207034725
Kiribati,2015,191559398.2,11.2653381
St. Kitts and Nevis,2015,957222222.2,0.694135528
Korea,2015,1.47E+12,2.809103268
Kuwait,2015,1.15E+11,0.592771759
Latin America & Caribbean (excluding high income),2015,4.63E+12,0.292412438
Lao PDR,2015,14426380120,7.270065844
Lebanon,2015,49929337830,0.462320793
Liberia,2015,3227075700,-0.01856497
Libya,2015,48717501320,-0.842656252
St. Lucia,2015,1807629630,0.100928143
Latin America & Caribbean,2015,5.42E+12,0.401673201
Least developed countries: UN classification,2015,9.28E+11,2.635906891
Low income,2015,4.18E+11,-0.732224959
Sri Lanka,2015,85140955380,4.205955476
Lower middle income,2015,5.09E+12,5.935350981
Low & middle income,2015,2.53E+13,4.718561613
Lesotho,2015,2359686725,3.12406678
Late-demographic dividend,2015,1.86E+13,4.710039711
Lithuania,2015,41540954810,2.832808577
Luxembourg,2015,60071584210,2.269784484
Latvia,2015,26344565870,3.78336529
"Macao SAR, China",2015,45048190590,-21.51435875
Morocco,2015,1.10E+11,4.344582976
Monaco,2015,6264756528,4.910371765
Moldova,2015,7797667197,-0.338235622
Madagascar,2015,11323020700,3.132298075
Maldives,2015,4129505319,3.971715703
Middle East & North Africa,2015,3.20E+12,2.561814264
Mexico,2015,1.21E+12,2.702323426
Marshall Islands,2015,183700000,1.885745979
Middle income,2015,2.49E+13,4.810945858
North Macedonia,2015,10064519960,3.85586514
Mali,2015,13104764370,6.171800024
Malta,2015,11340795040,9.621097562
Myanmar,2015,59607290400,6.99284029
Middle East & North Africa (excluding high income),2015,1.46E+12,0.493359681
Montenegro,2015,4054730078,3.390381397
Mongolia,2015,11619892590,2.379835807
Northern Mariana Islands,2015,910000000,3.383458647
Mozambique,2015,16208985760,7.393093699
Mauritania,2015,6166863897,5.376339241
Mauritius,2015,12007291040,3.690556904
Malawi,2015,9219474379,2.800000001
Malaysia,2015,3.01E+11,5.091532422
North America,2015,1.99E+13,2.761104558
Namibia,2015,11335161080,4.264174538
Niger,2015,9683867926,4.392648832
Nigeria,2015,4.93E+11,2.652693295
Nicaragua,2015,12756685550,4.79144082
Netherlands,2015,7.76E+11,2.120605224
Norway,2015,3.88E+11,1.857339726
Nepal,2015,24360801280,3.976053272
Nauru,2015,84383388.64,2.698017274
New Zealand,2015,1.78E+11,3.734035773
OECD members,2015,4.76E+13,2.518312398
Oman,2015,78710793230,5.017057997
Other small states,2015,1.54E+11,3.265406572
Pakistan,2015,3.00E+11,4.217942096
Panama,2015,55767806100,5.266917196
Peru,2015,1.90E+11,3.252244772
Philippines,2015,3.06E+11,6.348309715
Palau,2015,278824781.3,8.2
Papua New Guinea,2015,21723437010,6.578356323
Poland,2015,4.80E+11,4.431767003
Pre-demographic dividend,2015,1.31E+12,2.950854219
Puerto Rico,2015,1.03E+11,-1.049290032
Portugal,2015,1.99E+11,1.589798289
Paraguay,2015,36211447840,2.957151735
West Bank and Gaza,2015,13972400000,3.721299671
Pacific island small states,2015,9074649392,3.709347535
Post-demographic dividend,2015,4.48E+13,2.237442354
French Polynesia,2015,5325846362,1.66510563
Qatar,2015,1.62E+11,4.753345724
Romania,2015,1.78E+11,3.157036054
Russian Federation,2015,1.36E+12,-1.972719226
Rwanda,2015,8543759678,8.856855597
South Asia,2015,2.73E+12,7.251628145
Saudi Arabia,2015,6.69E+11,4.509059063
Sudan,2015,51726758670,1.910176891
Senegal,2015,17774766690,6.367043651
Singapore,2015,3.08E+11,2.976799316
Solomon Islands,2015,1307909888,1.676146156
Sierra Leone,2015,6651626734,-20.49107411
El Salvador,2015,23438240000,2.400000089
San Marino,2015,1419401071,2.291505561
Somalia,2015,6152149080,10.46218841
Serbia,2015,41297410630,1.295738512
Sub-Saharan Africa (excluding high income),2015,1.67E+12,2.868335818
South Sudan,2015,11997800760,-10.79336463
Sub-Saharan Africa,2015,1.67E+12,2.873233612
Small states,2015,1.98E+11,2.730664573
Sao Tome and Principe,2015,259999643,1.539704283
Suriname,2015,5126237646,-3.413042681
Slovak Rep.,2015,89178548710,5.17687951
Slovenia,2015,42709468270,2.393308724
Sweden,2015,5.02E+11,4.410140676
Eswatini,2015,3878174404,1.354894932
Sint Maarten (Dutch part),2015,1417888715,0.10581315
Seychelles,2015,1432403352,8.914008875
Syrian Arab Republic,2015,16466863110,-4.179791613
Turks and Caicos Islands,2015,942070000,11.31483413
Chad,2015,10950392250,2.767675685
East Asia & Pacific (IDA & IBRD countries),2015,1.33E+13,6.707666576
Europe & Central Asia (IDA & IBRD countries),2015,3.63E+12,1.487560189
Togo,2015,5755461035,5.468031293
Thailand,2015,4.01E+11,3.134047249
Tajikistan,2015,8271431485,6.019303318
Turkmenistan,2015,35799714280,6.49999991
Latin America & the Caribbean (IDA & IBRD countries),2015,5.20E+12,0.359823356
Timor-Leste,2015,1590282400,2.480040402
Middle East & North Africa (IDA & IBRD countries),2015,1.45E+12,0.463181704
Tonga,2015,437525514.2,1.113744057
South Asia (IDA & IBRD),2015,2.73E+12,7.251628145
Sub-Saharan Africa (IDA & IBRD countries),2015,1.67E+12,2.873233612
Trinidad and Tobago,2015,27026750550,-0.777459952
Tunisia,2015,45779494040,0.967703108
Turkiye,2015,8.64E+11,6.084486904
Tuvalu,2015,36811936.08,10.41666667
Tanzania,2015,47413919810,6.160628774
Uganda,2015,32387183730,5.18785986
Ukraine,2015,91030967780,-9.772987211
Upper middle income,2015,1.98E+13,4.526198229
Uruguay,2015,57680327990,0.370741258
United States,2015,1.83E+13,2.945550455
Uzbekistan,2015,86196264750,7.218773508
St. Vincent and the Grenadines,2015,786555555.6,2.783161194
Virgin Islands (U.S.),2015,3663000000,-0.425079702
Viet Nam,2015,2.39E+11,6.987154306
Vanuatu,2015,730870803,0.366522075
World,2015,7.55E+13,3.128786892
Samoa,2015,824150498.7,3.850361817
Kosovo,2015,6295848423,5.916231283
"Yemen, Rep.",2015,42444489520,-27.99454625
South Africa,2015,3.47E+11,1.321862237
Zambia,2015,21251216790,2.920375112
Zimbabwe,2015,19963120600,2.023649996
Aruba,2016,3013858156,1.71962498
Africa Eastern and Southern,2016,9.18E+11,2.194760891
Afghanistan,2016,19566715170,2.260314203
Africa Western and Central,2016,7.73E+11,0.160782097
Angola,2016,88161567930,-2.580049644
Albania,2016,11764325090,3.314980684
Andorra,2016,2893376872,3.70967807
Arab World,2016,2.64E+12,3.614306799
United Arab Emirates,2016,3.91E+11,5.561490755
Argentina,2016,5.82E+11,-2.080327844
Armenia,2016,10574444190,0.2
American Samoa,2016,661697709.9,-1.679389313
Antigua and Barbuda,2016,1496700162,4.099765539
Australia,2016,1.39E+12,2.759385972
Austria,2016,3.88E+11,2.117219671
Azerbaijan,2016,51430872120,-3.09999988
Burundi,2016,3085379497,-0.600000909
Belgium,2016,4.67E+11,1.19350264
Benin,2016,11768488380,3.339673426
Burkina Faso,2016,12537116610,5.957976708
Bangladesh,2016,2.09E+11,7.113478213
Bulgaria,2016,52349886250,3.026628931
Bahrain,2016,33764059490,3.814993274
"Bahamas, The",2016,11559626960,-0.961908777
Bosnia and Herzegovina,2016,16936219720,3.242255212
Belarus,2016,55028586610,-2.526446436
Belize,2016,2194246345,0.054551654
Bermuda,2016,6610806937,-0.657206304
Bolivia,2016,34407300570,4.263920838
Brazil,2016,1.74E+12,-3.275916908
Barbados,2016,5382816061,1.791930334
Brunei Darussalam,2016,12609894720,-2.477917765
Bhutan,2016,2373253832,8.475943355
Botswana,2016,14505561460,7.204424759
Central African Republic,2016,1776382809,4.750316841
Canada,2016,1.57E+12,1.038550935
Central Europe and the Baltics,2016,1.33E+12,2.784150368
Switzerland,2016,7.08E+11,2.068689667
Channel Islands,2016,10232605250,1.213024612
Chile,2016,2.47E+11,1.753038746
China,2016,1.18E+13,6.848762205
Cote d'Ivoire,2016,49101205360,7.17275964
Cameroon,2016,33671222910,4.535794237
"Congo, Dem. Rep.",2016,38827503530,2.399398911
"Congo, Rep.",2016,11354801740,-8.685243439
Colombia,2016,3.00E+11,2.087382502
Comoros,2016,998106097.5,3.320446562
Cabo Verde,2016,1824764035,4.280714827
Costa Rica,2016,58814921620,4.204323252
Caribbean small states,2016,35224239140,0.394020894
Cuba,2016,87579654540,0.512843096
Curacao,2016,3026120373,-1.067708487
Cayman Islands,2016,4860710643,3.239974339
Cyprus,2016,21218032950,6.573591005
Czechia,2016,1.94E+11,2.580870147
Germany,2016,3.50E+12,2.294710677
Djibouti,2016,2597091694,7.123432337
Dominica,2016,555681105.2,2.763647982
Denmark,2016,3.11E+11,3.073045475
Dominican Republic,2016,75903835170,6.659200263
Algeria,2016,1.95E+11,3.9
East Asia & Pacific (excluding high income),2016,1.42E+13,6.56660652
Early-demographic dividend,2016,1.07E+13,4.419305918
East Asia & Pacific,2016,2.30E+13,4.659569583
Europe & Central Asia (excluding high income),2016,1.55E+12,2.775969722
Europe & Central Asia,2016,2.10E+13,1.880092048
Ecuador,2016,96540800710,-0.687954246
"Egypt, Arab Rep.",2016,3.44E+11,4.346643456
Euro area,2016,1.20E+13,1.822468559
Spain,2016,1.24E+12,2.915156028
Estonia,2016,24032886890,3.093015834
Ethiopia,2016,70682351650,9.433482658
European Union,2016,1.39E+13,1.943938831
Fragile and conflict affected situations,2016,1.65E+12,2.166921687
Finland,2016,2.39E+11,2.571934232
Fiji,2016,4796997076,2.445652008
France,2016,2.46E+12,0.860031082
Faroe Islands,2016,2609591838,1.386447959
"Micronesia, Fed. Sts.",2016,318022033.3,0.484101802
Gabon,2016,14683922140,2.091442208
United Kingdom,2016,2.98E+12,1.921710078
Georgia,2016,15749049870,3.45021518
Ghana,2016,51072704880,3.37346575
Guinea,2016,9745789528,10.8206272
"Gambia, The",2016,1404959537,1.943359655
Guinea-Bissau,2016,1213536543,5.306596331
Equatorial Guinea,2016,12023008460,-8.816417232
Greece,2016,1.95E+11,-0.031795213
Grenada,2016,1034291536,3.739603956
Greenland,2016,2616120348,4.68195411
Guatemala,2016,63851284740,2.677802555
Guam,2016,5809553230,0.181983621
Guyana,2016,4442793237,3.807456264
High income,2016,5.08E+13,1.82381589
"Hong Kong SAR, China",2016,3.16E+11,2.175431356
Honduras,2016,21796529140,3.892972197
Heavily indebted poor countries (HIPC),2016,6.99E+11,4.45300762
Croatia,2016,52770556700,3.461129474
Haiti,2016,15118774090,1.812468078
Hungary,2016,1.28E+11,2.201001893
IBRD only,2016,2.70E+13,4.557913049
IDA & IBRD total,2016,2.93E+13,4.456433551
IDA total,2016,2.23E+12,3.254908513
IDA blend,2016,1.08E+12,2.062256788
Indonesia,2016,9.04E+11,5.033069183
IDA only,2016,1.15E+12,4.401673765
Isle of Man,2016,7577357764,6.952303657
India,2016,2.28E+12,8.256305502
Ireland,2016,3.06E+11,1.22263861
"Iran, Islamic Rep.",2016,4.45E+11,8.815086643
Iraq,2016,1.90E+11,13.78737302
Iceland,2016,18621440660,6.303687107
Israel,2016,3.16E+11,4.367283642
Italy,2016,1.87E+12,1.236221107
Jamaica,2016,14384066490,1.375223064
Jordan,2016,39356512800,1.994180849
Japan,2016,4.48E+12,0.753826746
Kazakhstan,2016,1.86E+11,1.099999999
Kenya,2016,73074983890,4.213517068
Kyrgyz Republic,2016,6967733667,4.335855922
Cambodia,2016,26085259680,7.905501161
Kiribati,2016,205137185,7.088029601
St. Kitts and Nevis,2016,994866931.1,3.932703193
Korea,2016,1.51E+12,2.946881715
Kuwait,2016,1.18E+11,2.926073901
Latin America & Caribbean (excluding high income),2016,4.61E+12,-0.483626127
Lao PDR,2016,15439521170,7.022836255
Lebanon,2016,50705514060,1.554549409
Liberia,2016,3176896008,-1.554958617
Libya,2016,47991152060,-1.490941117
St. Lucia,2016,1869596926,3.428096951
Latin America & Caribbean,2016,5.40E+12,-0.337640934
Least developed countries: UN classification,2016,9.63E+11,3.728624839
Low income,2016,4.26E+11,2.049410162
Sri Lanka,2016,89443659900,5.053624893
Lower middle income,2016,5.38E+12,5.700618839
Low & middle income,2016,2.65E+13,4.763005471
Lesotho,2016,2444845631,3.608907317
Late-demographic dividend,2016,1.94E+13,4.463048849
Lithuania,2016,42650895970,2.671920199
Luxembourg,2016,63062062070,4.978190437
Latvia,2016,27016796430,2.551685854
"Macao SAR, China",2016,44742259630,-0.679119308
Morocco,2016,1.11E+11,0.521185506
Monaco,2016,6453228194,3.008443588
Moldova,2016,8159947935,4.646014363
Madagascar,2016,11775165450,3.993146062
Maldives,2016,4400906157,6.572236066
Middle East & North Africa,2016,3.34E+12,4.351957491
Mexico,2016,1.23E+12,1.772493238
Marshall Islands,2016,188300000,2.504082744
Middle income,2016,2.61E+13,4.806565229
North Macedonia,2016,10351178140,2.848205194
Mali,2016,13871694390,5.852299199
Malta,2016,11803240820,4.077719295
Myanmar,2016,63101751660,5.862472915
Middle East & North Africa (excluding high income),2016,1.54E+12,5.403578961
Montenegro,2016,4174315434,2.949280321
Mongolia,2016,11793003940,1.489784487
Northern Mariana Islands,2016,1175830303,29.21212121
Mozambique,2016,16970320240,4.696990242
Mauritania,2016,6244622453,1.260909231
Mauritius,2016,12471068850,3.862468263
Malawi,2016,9449961239,2.499999999
Malaysia,2016,3.15E+11,4.449781398
North America,2016,2.02E+13,1.757413592
Namibia,2016,11338991730,0.03379445
Niger,2016,10239808430,5.740893151
Nigeria,2016,4.85E+11,-1.616868949
Nicaragua,2016,13338767290,4.562954429
Netherlands,2016,7.95E+11,2.424285765
Norway,2016,3.93E+11,1.164724235
Nepal,2016,24466311250,0.433113719
Nauru,2016,88065238.87,4.363240539
New Zealand,2016,1.85E+11,3.748311452
OECD members,2016,4.85E+13,1.841950293
Oman,2016,82682873550,5.046423946
Other small states,2016,1.60E+11,4.06277627
Pakistan,2016,3.20E+11,6.573838285
Panama,2016,58317491830,4.571967079
Peru,2016,1.97E+11,3.953318715
Philippines,2016,3.28E+11,7.149456753
Palau,2016,277597952.2,-0.44
Papua New Guinea,2016,22915960970,5.489573153
Poland,2016,4.95E+11,3.031177676
Pre-demographic dividend,2016,1.34E+12,2.405476514
Puerto Rico,2016,1.02E+11,-1.263694348
Portugal,2016,2.03E+11,2.004141094
Paraguay,2016,37756961780,4.268025833
West Bank and Gaza,2016,15211000000,8.86461882
Pacific island small states,2016,9414676782,3.747003057
Post-demographic dividend,2016,4.56E+13,1.791691838
French Polynesia,2016,5452049984,2.369644447
Qatar,2016,1.67E+11,3.064191884
Romania,2016,1.83E+11,2.859932523
Russian Federation,2016,1.37E+12,0.193690071
Rwanda,2016,9053885803,5.970745254
South Asia,2016,2.95E+12,7.776303356
Saudi Arabia,2016,6.82E+11,1.884492736
Sudan,2016,53520457580,3.467642184
Senegal,2016,18904543050,6.356068572
Singapore,2016,3.19E+11,3.588643696
Solomon Islands,2016,1380560771,5.554731534
Sierra Leone,2016,7073787380,6.346727852
El Salvador,2016,24033351540,2.539062411
San Marino,2016,1452677592,2.344405861
Somalia,2016,6584944953,7.034872974
Serbia,2016,42526090280,2.975197792
Sub-Saharan Africa (excluding high income),2016,1.69E+12,1.2454865
Sub-Saharan Africa,2016,1.69E+12,1.254811489
Small states,2016,2.05E+11,3.397498481
Sao Tome and Principe,2016,273459368.8,5.176824687
Suriname,2016,4874454256,-4.911660509
Slovak Rep.,2016,90915585450,1.947819026
Slovenia,2016,44005450330,3.034413954
Sweden,2016,5.13E+11,2.349740804
Eswatini,2016,4015035099,3.528997951
Sint Maarten (Dutch part),2016,1431610452,0.967758363
Seychelles,2016,1605975219,12.11752725
Syrian Arab Republic,2016,15412063250,-6.405590739
Turks and Caicos Islands,2016,1010381197,7.25118055
Chad,2016,10265387500,-6.255527085
East Asia & Pacific (IDA & IBRD countries),2016,1.42E+13,6.566445809
Europe & Central Asia (IDA & IBRD countries),2016,3.70E+12,1.857666928
Togo,2016,5998047710,4.214895609
Thailand,2016,4.15E+11,3.435157717
Tajikistan,2016,8842160258,6.9
Turkmenistan,2016,38019296550,6.199999966
Latin America & the Caribbean (IDA & IBRD countries),2016,5.18E+12,-0.339238287
Timor-Leste,2016,1638148797,3.009930626
Middle East & North Africa (IDA & IBRD countries),2016,1.53E+12,5.37017236
Tonga,2016,466396529.4,6.598704361
South Asia (IDA & IBRD),2016,2.95E+12,7.776303356
Sub-Saharan Africa (IDA & IBRD countries),2016,1.69E+12,1.254811489
Trinidad and Tobago,2016,24992409890,-7.527137422
Tunisia,2016,46291045980,1.117425949
Turkiye,2016,8.93E+11,3.323084208
Tuvalu,2016,38895630.58,5.660377358
Tanzania,2016,50669888780,6.867116196
Uganda,2016,33935615070,4.781000293
Ukraine,2016,93253017270,2.440981945
Upper middle income,2016,2.07E+13,4.577100143
Uruguay,2016,58655009120,1.689798165
United States,2016,1.86E+13,1.819451475
Uzbekistan,2016,91309557160,5.9321508
St. Vincent and the Grenadines,2016,819165611.5,4.145931682
Virgin Islands (U.S.),2016,3721639274,1.600853789
Viet Nam,2016,2.55E+11,6.690008927
Vanuatu,2016,765139554.3,4.688756366
World,2016,7.76E+13,2.813735974
Samoa,2016,889949544.4,7.983862878
Kosovo,2016,6646638934,5.571775047
"Yemen, Rep.",2016,38465266070,-9.375123818
South Africa,2016,3.49E+11,0.664552308
Zambia,2016,22049221300,3.755100317
Zimbabwe,2016,20142979410,0.900955396
Aruba,2017,3226290954,7.048533386
Africa Eastern and Southern,2017,9.43E+11,2.684543054
Afghanistan,2017,20084646750,2.647003203
Africa Western and Central,2017,7.91E+11,2.28981038
Angola,2017,88031782690,-0.147212941
Albania,2017,12211675160,3.80259872
Andorra,2017,2903390036,0.34607189
Arab World,2017,2.68E+12,1.537753314
United Arab Emirates,2017,3.94E+11,0.735068713
Argentina,2017,5.99E+11,2.818502978
Armenia,2017,11367527500,7.500000002
American Samoa,2017,615461068.7,-6.98757764
Antigua and Barbuda,2017,1533568877,2.463333366
Australia,2017,1.42E+12,2.279591798
Austria,2017,3.96E+11,2.27225012
Azerbaijan,2017,51533733830,0.199999939
Burundi,2017,3100806433,0.500001262
Belgium,2017,4.73E+11,1.474467657
Benin,2017,12435945490,5.671561952
Burkina Faso,2017,13314855310,6.203489411
Bangladesh,2017,2.23E+11,6.590249998
Bulgaria,2017,53787375620,2.745926447
Bahrain,2017,35436675410,4.953835341
"Bahamas, The",2017,11883240880,2.799518639
Bosnia and Herzegovina,2017,17485647790,3.244100959
Belarus,2017,56422011400,2.5321835
Belize,2017,2154467872,-1.812853541
Bermuda,2017,6849550930,3.611419837
Bolivia,2017,35850757810,4.195206301
Brazil,2017,1.77E+12,1.322869054
Barbados,2017,5389730073,0.128446002
Brunei Darussalam,2017,12777445740,1.328726513
Bhutan,2017,2422779967,2.086845258
Botswana,2017,15102373010,4.114363663
Central African Republic,2017,1856804601,4.527278213
Canada,2017,1.62E+12,3.033834903
Central Europe and the Baltics,2017,1.40E+12,5.121376975
Switzerland,2017,7.18E+11,1.362799557
Channel Islands,2017,10417455240,1.806480201
Chile,2017,2.50E+11,1.357695378
China,2017,1.26E+13,6.947200793
Cote d'Ivoire,2017,52739979040,7.410762426
Cameroon,2017,34863580360,3.541176549
"Congo, Dem. Rep.",2017,40274584260,3.726947659
"Congo, Rep.",2017,10719526280,-5.594773719
Colombia,2017,3.04E+11,1.359360868
Comoros,2017,1036191459,3.815762877
Cabo Verde,2017,1907814791,4.55131481
Costa Rica,2017,61260269000,4.157698963
Caribbean small states,2017,35880521650,1.863155974
Cuba,2017,89164663930,1.809791772
Curacao,2017,2987500779,-1.276208101
Cayman Islands,2017,5015477902,3.184045923
Cyprus,2017,22438246470,5.75083246
Czechia,2017,2.04E+11,5.173565288
Germany,2017,3.60E+12,2.716024519
Djibouti,2017,2738843335,5.458091517
Dominica,2017,518900602.7,-6.618994633
Denmark,2017,3.21E+11,3.056477244
Dominican Republic,2017,79446042990,4.666704677
Algeria,2017,1.98E+11,1.5
East Asia & Pacific (excluding high income),2017,1.52E+13,6.709818835
Early-demographic dividend,2017,1.12E+13,4.641299833
East Asia & Pacific,2017,2.42E+13,5.052708559
Europe & Central Asia (excluding high income),2017,1.64E+12,5.824971735
Europe & Central Asia,2017,2.16E+13,2.87445949
Ecuador,2017,1.02E+11,5.97039881
"Egypt, Arab Rep.",2017,3.58E+11,4.181221
Euro area,2017,1.24E+13,2.597494948
Spain,2017,1.28E+12,2.896042081
Estonia,2017,25387061790,5.634674322
Ethiopia,2017,77442545810,9.564189643
European Union,2017,1.43E+13,2.795465834
Fragile and conflict affected situations,2017,1.69E+12,2.563937442
Finland,2017,2.47E+11,3.303370161
Fiji,2017,5053797836,5.353364937
France,2017,2.51E+12,2.083614851
Faroe Islands,2017,2701241060,3.512013675
"Micronesia, Fed. Sts.",2017,320639498.6,0.823045267
Gabon,2017,14753324530,0.472642031
United Kingdom,2017,3.06E+12,2.656504893
Georgia,2017,16561685510,5.159902617
Ghana,2017,55224351370,8.128894881
Guinea,2017,10749606370,10.30000534
"Gambia, The",2017,1472715274,4.822611249
Guinea-Bissau,2017,1271652706,4.788991619
Equatorial Guinea,2017,11341603430,-5.667508505
Greece,2017,1.97E+11,1.473124985
Grenada,2017,1080200383,4.438675669
Greenland,2017,2617499780,0.052728183
Guatemala,2017,65817809490,3.079851491
Guam,2017,5861264058,0.890099909
Guyana,2017,4608708975,3.734491546
High income,2017,5.20E+13,2.463333375
"Hong Kong SAR, China",2017,3.28E+11,3.796104066
Honduras,2017,22852116280,4.842913911
Heavily indebted poor countries (HIPC),2017,7.34E+11,5.042741952
Croatia,2017,54501936560,3.280958121
Haiti,2017,15498296350,2.510271345
Hungary,2017,1.33E+11,4.271976016
IBRD only,2017,2.84E+13,5.24270151
IDA & IBRD total,2017,3.08E+13,5.145093749
IDA total,2017,2.32E+12,3.974826459
IDA blend,2017,1.11E+12,2.55300616
Indonesia,2017,9.50E+11,5.069785901
IDA only,2017,1.21E+12,5.311309034
Isle of Man,2017,7792384796,2.837757415
India,2017,2.43E+12,6.795383419
Ireland,2017,3.37E+11,10.04962854
"Iran, Islamic Rep.",2017,4.58E+11,2.758505246
Iraq,2017,1.86E+11,-1.819750351
Iceland,2017,19402600560,4.194948829
Israel,2017,3.29E+11,4.273421788
Italy,2017,1.90E+12,1.603699946
Jamaica,2017,14527493330,0.997123062
Jordan,2017,40330034780,2.473598154
Japan,2017,4.55E+12,1.675331752
Kazakhstan,2017,1.94E+11,4.100000003
Kenya,2017,75879571210,3.837958174
Kyrgyz Republic,2017,7297999869,4.739937224
Cambodia,2017,28191654620,8.075039155
Kiribati,2017,212828044.8,3.749130019
St. Kitts and Nevis,2017,997065001.5,0.220941147
Korea,2017,1.56E+12,3.15963574
Kuwait,2017,1.12E+11,-4.71222158
Latin America & Caribbean (excluding high income),2017,4.71E+12,2.017476067
Lao PDR,2017,16503694940,6.892530873
Lebanon,2017,51163399280,0.903028464
Liberia,2017,3254893759,2.45515592
Libya,2017,63584342250,32.49180219
St. Lucia,2017,1932815004,3.381374723
Latin America & Caribbean,2017,5.50E+12,1.892130639
Least developed countries: UN classification,2017,1.01E+12,4.554727748
Low income,2017,4.40E+11,3.11406382
Sri Lanka,2017,95222329680,6.460681271
Lower middle income,2017,5.67E+12,5.464120268
Low & middle income,2017,2.80E+13,5.342568671
Lesotho,2017,2368122099,-3.138174937
Late-demographic dividend,2017,2.04E+13,5.317769011
Lithuania,2017,44618059000,4.612243146
Luxembourg,2017,63892707770,1.317187663
Latvia,2017,27935083670,3.398949378
"Macao SAR, China",2017,49153900990,9.860121945
Morocco,2017,1.17E+11,5.057898162
Monaco,2017,6246325874,-3.206183238
Moldova,2017,8500675704,4.175612051
Madagascar,2017,12238318930,3.933307595
Maldives,2017,4711369799,7.054539014
Middle East & North Africa,2017,3.41E+12,1.977098479
Mexico,2017,1.26E+12,1.871728533
Marshall Islands,2017,195000000,3.558151885
Middle income,2017,2.75E+13,5.377400476
North Macedonia,2017,10463154360,1.081772738
Mali,2017,14607651050,5.305456084
Malta,2017,13334371310,12.97211934
Myanmar,2017,66973743440,6.136108244
Middle East & North Africa (excluding high income),2017,1.59E+12,3.121705102
Montenegro,2017,4371195572,4.716465276
Mongolia,2017,12457761000,5.636876387
Northern Mariana Islands,2017,1448278788,23.17073171
Mozambique,2017,17418032480,2.638207373
Mauritania,2017,6636194356,6.270545669
Mauritius,2017,12962177520,3.937983806
Malawi,2017,9827959688,4
Malaysia,2017,3.33E+11,5.81272241
North America,2017,2.07E+13,2.502844962
Namibia,2017,11222512160,-1.027248089
Niger,2017,10752347790,5.005360786
Nigeria,2017,4.89E+11,0.805886619
Nicaragua,2017,13956690220,4.632533981
Netherlands,2017,8.17E+11,2.781546099
Norway,2017,4.02E+11,2.463746285
Nepal,2017,26662720360,8.977279356
Nauru,2017,82771434.82,-6.011229987
New Zealand,2017,1.91E+11,3.397282504
OECD members,2017,4.98E+13,2.570919076
Oman,2017,82934277080,0.304057566
Other small states,2017,1.68E+11,5.13605415
Pakistan,2017,3.34E+11,4.432625907
Panama,2017,61667283240,5.744059464
Peru,2017,2.02E+11,2.518835442
Philippines,2017,3.51E+11,6.930988325
Palau,2017,268548259,-3.26
Papua New Guinea,2017,23725951010,3.534610818
Poland,2017,5.20E+11,5.152457733
Pre-demographic dividend,2017,1.36E+12,1.640062739
Puerto Rico,2017,99124231770,-2.885218384
Portugal,2017,2.10E+11,3.314720782
Paraguay,2017,39573101420,4.810078856
West Bank and Gaza,2017,15426900000,1.419367563
Pacific island small states,2017,9793644911,4.025290915
Post-demographic dividend,2017,4.67E+13,2.443242533
French Polynesia,2017,5690550041,4.374502383
Qatar,2017,1.64E+11,-1.497604702
Romania,2017,1.98E+11,8.195478266
Russian Federation,2017,1.39E+12,1.825790064
Rwanda,2017,9408632525,3.918170936
South Asia,2017,3.14E+12,6.501458643
Saudi Arabia,2017,6.88E+11,0.911048656
Sudan,2017,53900054790,0.709256285
Senegal,2017,20304894470,7.407486186
Singapore,2017,3.33E+11,4.512926318
Solomon Islands,2017,1423017819,3.075348034
Sierra Leone,2017,7339323438,3.753803214
El Salvador,2017,24573529730,2.247619081
San Marino,2017,1456429357,0.258265466
Somalia,2017,7555288952,14.73579515
Serbia,2017,43531149250,2.363393787
Sub-Saharan Africa (excluding high income),2017,1.73E+12,2.499868426
Sub-Saharan Africa,2017,1.73E+12,2.504098753
Small states,2017,2.14E+11,4.521214718
Sao Tome and Principe,2017,284706697,4.112979663
Suriname,2017,4950790054,1.566037825
Slovak Rep.,2017,93529165110,2.874732255
Slovenia,2017,46282470350,5.17440454
Sweden,2017,5.23E+11,1.825156015
Eswatini,2017,4114008067,2.465058605
Sint Maarten (Dutch part),2017,1323735541,-7.535213999
Seychelles,2017,1717657340,6.954162188
Syrian Arab Republic,2017,15300590610,-0.723281777
Turks and Caicos Islands,2017,985121666.7,-2.5
Chad,2017,9958586279,-2.988695986
East Asia & Pacific (IDA & IBRD countries),2017,1.51E+13,6.709544794
Europe & Central Asia (IDA & IBRD countries),2017,3.86E+12,4.295865912
Togo,2017,6238457455,4.008133262
Thailand,2017,4.32E+11,4.177681032
Tajikistan,2017,9469953673,7.100000419
Turkmenistan,2017,40490550850,6.500000047
Latin America & the Caribbean (IDA & IBRD countries),2017,5.28E+12,1.993605955
Timor-Leste,2017,1586016100,-3.182415225
Middle East & North Africa (IDA & IBRD countries),2017,1.57E+12,3.138681301
Tonga,2017,481332022.5,3.202316509
South Asia (IDA & IBRD),2017,3.14E+12,6.501458643
Sub-Saharan Africa (IDA & IBRD countries),2017,1.73E+12,2.504098753
Trinidad and Tobago,2017,23792567170,-4.800828429
Tunisia,2017,47326964910,2.23783868
Turkiye,2017,9.60E+11,7.501997489
Tuvalu,2017,39847948.42,2.448392857
Tanzania,2017,54096327100,6.762277168
Uganda,2017,34998276800,3.131405517
Ukraine,2017,95453762630,2.359972281
Upper middle income,2017,2.18E+13,5.354904118
Uruguay,2017,59675827100,1.740376487
United States,2017,1.91E+13,2.457622303
Uzbekistan,2017,95322862960,4.395274633
St. Vincent and the Grenadines,2017,831033933.8,1.448830634
Virgin Islands (U.S.),2017,3694274280,-0.735294118
Viet Nam,2017,2.73E+11,6.940190374
Vanuatu,2017,813475756.5,6.317305384
World,2017,8.03E+13,3.451446123
Samoa,2017,902464748.2,1.4062824
Kosovo,2017,6967382842,4.825655653
"Yemen, Rep.",2017,36514386380,-5.071795639
South Africa,2017,3.53E+11,1.157946952
Zambia,2017,22826646590,3.525862771
Zimbabwe,2017,20964866130,4.080263903
Aruba,2018,3303627900,2.397085276
Africa Eastern and Southern,2018,9.68E+11,2.666631828
Afghanistan,2018,20323499020,1.189228129
Africa Western and Central,2018,8.13E+11,2.844755417
Angola,2018,86872966030,-1.316361689
Albania,2018,12702504600,4.019345617
Andorra,2018,2949518095,1.58876549
Arab World,2018,2.75E+12,2.630040035
United Arab Emirates,2018,3.99E+11,1.313913881
Argentina,2018,5.83E+11,-2.617396463
Armenia,2018,11958638930,5.2
American Samoa,2018,631900763.4,2.671118531
Antigua and Barbuda,2018,1640200775,6.953186092
Australia,2018,1.46E+12,2.878469715
Austria,2018,4.06E+11,2.484220867
Azerbaijan,2018,52306739840,1.5
Burundi,2018,3150727414,1.609935421
Belgium,2018,4.82E+11,1.877968572
Benin,2018,13268812300,6.697253622
Burkina Faso,2018,14194244120,6.604569068
Bangladesh,2018,2.39E+11,7.31941263
Bulgaria,2018,55158665580,2.549464347
Bahrain,2018,36164044580,2.05258865
"Bahamas, The",2018,12195757020,2.62988986
Bosnia and Herzegovina,2018,18154910820,3.827499205
Belarus,2018,58198852020,3.149197594
Belize,2018,2178394773,1.11057125
Bermuda,2018,6819905985,-0.4328013
Bolivia,2018,37364958850,4.223623511
Brazil,2018,1.80E+12,1.783666762
Barbados,2018,5326451133,-1.174065094
Brunei Darussalam,2018,12784137420,0.052371054
Bhutan,2018,2507622616,3.501871837
Botswana,2018,15734874520,4.188093554
Central African Republic,2018,1927167164,3.789443593
Canada,2018,1.66E+12,2.742963431
Central Europe and the Baltics,2018,1.47E+12,5.040763788
Switzerland,2018,7.39E+11,2.860445795
Channel Islands,2018,10534364580,1.122244681
Chile,2018,2.60E+11,3.990029475
China,2018,1.35E+13,6.749773832
Cote d'Ivoire,2018,55294253260,4.843146059
Cameroon,2018,36242614240,3.955514239
"Congo, Dem. Rep.",2018,42619016590,5.8211211
"Congo, Rep.",2018,10472514330,-2.304317801
Colombia,2018,3.11E+11,2.564324283
Comoros,2018,1073934227,3.642451138
Cabo Verde,2018,1978536809,3.706964583
Costa Rica,2018,62862779080,2.615904404
Caribbean small states,2018,36877637380,2.778988927
Cuba,2018,91169039690,2.247948541
Curacao,2018,2924640437,-2.104111331
Cayman Islands,2018,5229501758,4.267267452
Cyprus,2018,23845498640,6.271667304
Czechia,2018,2.10E+11,2.830305894
Germany,2018,3.64E+12,1.116443109
Djibouti,2018,2869607134,4.774416888
Dominica,2018,537309039.6,3.547584418
Denmark,2018,3.27E+11,1.860007489
Dominican Republic,2018,84993384860,6.982527585
Algeria,2018,2.01E+11,1.4
East Asia & Pacific (excluding high income),2018,1.61E+13,6.527937635
Early-demographic dividend,2018,1.16E+13,3.842495766
East Asia & Pacific,2018,2.53E+13,4.759993731
Europe & Central Asia (excluding high income),2018,1.70E+12,3.499958119
Europe & Central Asia,2018,2.20E+13,2.121661818
Ecuador,2018,1.03E+11,1.044295547
"Egypt, Arab Rep.",2018,3.77E+11,5.331108619
Euro area,2018,1.26E+13,1.768485843
Spain,2018,1.31E+12,2.395411204
Estonia,2018,26326305510,3.69969444
Ethiopia,2018,82721144190,6.816147797
European Union,2018,1.46E+13,2.049971859
Fragile and conflict affected situations,2018,1.74E+12,2.715346787
Finland,2018,2.50E+11,1.19297773
Fiji,2018,5246466346,3.81235097
France,2018,2.56E+12,1.645908729
Faroe Islands,2018,2775895516,2.763709523
"Micronesia, Fed. Sts.",2018,320639498.6,0
Gabon,2018,14876945080,0.837916581
United Kingdom,2018,3.11E+12,1.405190266
Georgia,2018,17565660910,6.062036413
Ghana,2018,58648304050,6.200077681
Guinea,2018,11433119220,6.358491927
"Gambia, The",2018,1579264609,7.234890333
Guinea-Bissau,2018,1319485332,3.761453596
Equatorial Guinea,2018,10634279330,-6.236544067
Greece,2018,2.01E+11,2.064672533
Grenada,2018,1127312678,4.361440394
Greenland,2018,2633808517,0.623065429
Guatemala,2018,68060138930,3.4068734
Guam,2018,5812719199,-0.828231905
Guyana,2018,4813377726,4.440912885
High income,2018,5.33E+13,2.364554227
"Hong Kong SAR, China",2018,3.37E+11,2.846927701
Honduras,2018,23730778960,3.84499477
Heavily indebted poor countries (HIPC),2018,7.65E+11,4.181503167
Croatia,2018,56085044230,2.904681493
Haiti,2018,15756778630,1.667810955
Hungary,2018,1.41E+11,5.362348362
IBRD only,2018,2.98E+13,4.941768868
IDA & IBRD total,2018,3.23E+13,4.895994628
IDA total,2018,2.42E+12,4.340492602
IDA blend,2018,1.15E+12,3.820235084
Indonesia,2018,9.99E+11,5.17429154
IDA only,2018,1.27E+12,4.816715573
Isle of Man,2018,7964861187,2.21339675
India,2018,2.59E+12,6.453851345
Ireland,2018,3.62E+11,7.544341908
"Iran, Islamic Rep.",2018,4.49E+11,-1.838007571
Iraq,2018,1.91E+11,2.633850991
Iceland,2018,20351227270,4.889172995
Israel,2018,3.43E+11,4.074476006
Italy,2018,1.91E+12,0.826646697
Jamaica,2018,14802051870,1.889923681
Jordan,2018,41103996740,1.919070913
Japan,2018,4.58E+12,0.643391023
Kazakhstan,2018,2.02E+11,4.099999993
Kenya,2018,80165208720,5.647946407
Kyrgyz Republic,2018,7572252145,3.757910136
Cambodia,2018,30665817310,8.776223762
Kiribati,2018,220233266.4,3.4794388
St. Kitts and Nevis,2018,1017041453,2.003525498
Korea,2018,1.60E+12,2.907403774
Kuwait,2018,1.15E+11,2.743330539
Latin America & Caribbean (excluding high income),2018,4.78E+12,1.565365654
Lao PDR,2018,17534839200,6.247960008
Lebanon,2018,50199119750,-1.884705756
Liberia,2018,3292571599,1.157575122
Libya,2018,68633808770,7.941367853
St. Lucia,2018,1988599865,2.886197652
Latin America & Caribbean,2018,5.59E+12,1.574492149
Least developed countries: UN classification,2018,1.05E+12,4.607451922
Low income,2018,4.55E+11,3.39941961
Sri Lanka,2018,97422045720,2.310084252
Lower middle income,2018,5.98E+12,5.441691796
Low & middle income,2018,2.94E+13,4.990446858
Lesotho,2018,2333058898,-1.480633158
Late-demographic dividend,2018,2.15E+13,5.422399288
Lithuania,2018,46812540140,4.918369795
Luxembourg,2018,64671765560,1.219321919
Latvia,2018,29139005010,4.309710888
"Macao SAR, China",2018,52302387920,6.405365321
Morocco,2018,1.20E+11,3.06564133
Monaco,2018,6602235351,5.697901212
Moldova,2018,8847128858,4.075595466
Madagascar,2018,12629254470,3.194356517
Maldives,2018,5119751627,8.668006242
Middle East & North Africa,2018,3.49E+12,2.26848468
Mexico,2018,1.28E+12,1.972082102
Marshall Islands,2018,205700000,5.487179487
Middle income,2018,2.89E+13,5.014780686
North Macedonia,2018,10764555640,2.88059671
Mali,2018,15301000920,4.746484327
Malta,2018,14292992140,7.189096537
Myanmar,2018,71172235140,6.268862215
Middle East & North Africa (excluding high income),2018,1.62E+12,1.815275191
Montenegro,2018,4593160023,5.077888811
Mongolia,2018,13422599720,7.74488062
Northern Mariana Islands,2018,1165903030,-19.49733435
Mozambique,2018,18025039080,3.484932024
Mauritania,2018,6952885074,4.772173657
Mauritius,2018,13481538340,4.006740572
Malawi,2018,10255826270,4.353564716
Malaysia,2018,3.49E+11,4.843086976
North America,2018,2.13E+13,2.94789314
Namibia,2018,11341464000,1.059939499
Niger,2018,11527744540,7.211418028
Nigeria,2018,4.98E+11,1.922757342
Nicaragua,2018,13487230760,-3.363687646
Netherlands,2018,8.35E+11,2.258740396
Norway,2018,4.06E+11,0.828900664
Nepal,2018,28695053190,7.622376104
Nauru,2018,81762350.04,-1.219122015
New Zealand,2018,1.98E+11,3.49949703
OECD members,2018,5.09E+13,2.337282987
Oman,2018,84001727410,1.287103915
Other small states,2018,1.75E+11,3.929482149
Pakistan,2018,3.54E+11,6.151702611
Panama,2018,64083529540,3.918198074
Peru,2018,2.10E+11,3.969351341
Philippines,2018,3.73E+11,6.341485571
Palau,2018,268843662.1,0.11
Papua New Guinea,2018,23659695750,-0.279252285
Poland,2018,5.53E+11,6.245858472
Pre-demographic dividend,2018,1.40E+12,2.58373909
Puerto Rico,2018,94801000730,-4.361427032
Portugal,2018,2.16E+11,2.946282416
Paraguay,2018,40841122660,3.204250341
West Bank and Gaza,2018,15616200000,1.227077378
Pacific island small states,2018,10064732610,2.767996072
Post-demographic dividend,2018,4.77E+13,2.244749571
French Polynesia,2018,5794802524,1.832028228
Qatar,2018,1.66E+11,1.234872202
Romania,2018,2.10E+11,6.120930007
Russian Federation,2018,1.43E+12,2.807245411
Rwanda,2018,10209915630,8.516467226
South Asia,2018,3.34E+12,6.334689132
Saudi Arabia,2018,7.10E+11,3.19922678
Sudan,2018,52455031750,-2.68093055
Senegal,2018,21565674310,6.209241034
Singapore,2018,3.45E+11,3.517114185
Solomon Islands,2018,1462093823,2.745995423
Sierra Leone,2018,7594210994,3.47290262
El Salvador,2018,25166352430,2.412444224
San Marino,2018,1478187033,1.493905318
Somalia,2018,7710498375,2.054314856
Serbia,2018,45555064900,4.649350355
Sub-Saharan Africa (excluding high income),2018,1.78E+12,2.745713406
Sub-Saharan Africa,2018,1.78E+12,2.74788731
Small states,2018,2.22E+11,3.683151971
Sao Tome and Principe,2018,297171520.8,4.378128083
Suriname,2018,5195768566,4.948271085
Slovak Rep.,2018,97328432380,4.06212037
Slovenia,2018,48309217550,4.379081716
Sweden,2018,5.33E+11,1.902964588
Eswatini,2018,4145651842,0.769171434
Sint Maarten (Dutch part),2018,1232967220,-6.856982992
Seychelles,2018,1802500556,4.939472723
Syrian Arab Republic,2018,15513754780,1.393176078
Turks and Caicos Islands,2018,1040392840,5.610593584
Chad,2018,10195006880,2.3740378
East Asia & Pacific (IDA & IBRD countries),2018,1.61E+13,6.527781432
Europe & Central Asia (IDA & IBRD countries),2018,4.00E+12,3.733131637
Togo,2018,6537595250,4.79506027
Thailand,2018,4.51E+11,4.222870287
Tajikistan,2018,10189670040,7.59999889
Turkmenistan,2018,43000964980,6.199999941
Latin America & the Caribbean (IDA & IBRD countries),2018,5.37E+12,1.677342921
Timor-Leste,2018,1578617301,-0.466502171
Middle East & North Africa (IDA & IBRD countries),2018,1.60E+12,1.821043088
Tonga,2018,484641423.6,0.687550583
South Asia (IDA & IBRD),2018,3.34E+12,6.334689132
Sub-Saharan Africa (IDA & IBRD countries),2018,1.78E+12,2.74788731
Trinidad and Tobago,2018,23649225320,-0.602464842
Tunisia,2018,48569264670,2.624930109
Turkiye,2018,9.89E+11,3.013170393
Tuvalu,2018,40400752.57,1.387283842
Tanzania,2018,57054358520,5.468081815
Uganda,2018,37204541490,6.303923783
Ukraine,2018,98783535740,3.488362342
Upper middle income,2018,2.29E+13,4.903919013
Uruguay,2018,59774159540,0.16477766
United States,2018,1.97E+13,2.966505069
Uzbekistan,2018,1.01E+11,5.559195729
St. Vincent and the Grenadines,2018,857424342.5,3.175611442
Virgin Islands (U.S.),2018,3763664088,1.878306878
Viet Nam,2018,2.93E+11,7.465006856
Vanuatu,2018,837068426.7,2.900230273
World,2018,8.29E+13,3.282196997
Samoa,2018,896962898,-0.609647103
Kosovo,2018,7204735954,3.406632271
"Yemen, Rep.",2018,36789138000,0.752447588
South Africa,2018,3.59E+11,1.556783847
Zambia,2018,23747586250,4.034493897
Zimbabwe,2018,22015177990,5.009866783
Aruba,2019,3229876376,-2.232440392
Africa Eastern and Southern,2019,9.89E+11,2.194318527
Afghanistan,2019,21118473700,3.911603416
Africa Western and Central,2019,8.39E+11,3.232902512
Angola,2019,86262880680,-0.702272958
Albania,2019,12964502330,2.06256754
Andorra,2019,3008967037,2.015547638
Arab World,2019,2.79E+12,1.583714664
United Arab Emirates,2019,4.03E+11,1.108348139
Argentina,2019,5.71E+11,-2.000861003
Armenia,2019,12867495490,7.599999999
American Samoa,2019,628818320.6,-0.487804878
Antigua and Barbuda,2019,1691054300,3.10044515
Australia,2019,1.49E+12,2.171545057
Austria,2019,4.13E+11,1.754976456
Azerbaijan,2019,53614408370,2.500000067
Burundi,2019,3207836407,1.812565324
Belgium,2019,4.94E+11,2.442890066
Benin,2019,14179807370,6.865686628
Burkina Faso,2019,15030172250,5.889204971
Bangladesh,2019,2.58E+11,7.881915151
Bulgaria,2019,57248544880,3.788850365
Bahrain,2019,36906448210,2.052877744
"Bahamas, The",2019,12030228260,-1.357265209
Bosnia and Herzegovina,2019,18679105430,2.887343344
Belarus,2019,59040672510,1.446455477
Belize,2019,2271360752,4.267636896
Bermuda,2019,6840793088,0.306266735
Bolivia,2019,38193230050,2.216705778
Brazil,2019,1.82E+12,1.220777824
Barbados,2019,5361210777,0.652585418
Brunei Darussalam,2019,13278735780,3.868844164
Bhutan,2019,2651940022,5.755148506
Botswana,2019,16211987790,3.032202574
Central African Republic,2019,1986909346,3.1
Canada,2019,1.70E+12,1.908431925
Central Europe and the Baltics,2019,1.53E+12,4.005992822
Switzerland,2019,7.47E+11,1.141982325
Channel Islands,2019,10700107550,1.573355158
Chile,2019,2.62E+11,0.634367534
China,2019,1.43E+13,5.950500754
Cote d'Ivoire,2019,59010785540,6.721371676
Cameroon,2019,37502066830,3.475059982
"Congo, Dem. Rep.",2019,44487659670,4.384528874
"Congo, Rep.",2019,10590275020,1.12447392
Colombia,2019,3.21E+11,3.186855392
Comoros,2019,1092843849,1.760780239
Cabo Verde,2019,2116002111,6.947826341
Costa Rica,2019,64382494190,2.417511818
Caribbean small states,2019,37266728870,1.055087902
Cuba,2019,91020354630,-0.163087224
Curacao,2019,2830872598,-3.206132196
Cayman Islands,2019,5434269977,3.915635342
Cyprus,2019,25246562670,5.87559123
Czechia,2019,2.17E+11,3.565776572
Germany,2019,3.67E+12,0.987893349
Djibouti,2019,3028730597,5.5451306
Dominica,2019,566874380.6,5.502483437
Denmark,2019,3.32E+11,1.711400944
Dominican Republic,2019,89287393470,5.05216802
Algeria,2019,2.02E+11,0.9
East Asia & Pacific (excluding high income),2019,1.71E+13,5.784281465
Early-demographic dividend,2019,1.19E+13,2.357443408
East Asia & Pacific,2019,2.63E+13,3.961914807
Europe & Central Asia (excluding high income),2019,1.74E+12,2.307119781
Europe & Central Asia,2019,2.24E+13,1.855910001
Ecuador,2019,1.04E+11,0.165403533
"Egypt, Arab Rep.",2019,3.98E+11,5.552093072
Euro area,2019,1.28E+13,1.628394652
Spain,2019,1.33E+12,1.961178532
Estonia,2019,27307395610,3.726653182
Ethiopia,2019,89640011580,8.364085699
European Union,2019,1.49E+13,1.875721582
Fragile and conflict affected situations,2019,1.78E+12,2.293659501
Finland,2019,2.53E+11,1.349738438
Fiji,2019,5215934726,-0.581946371
France,2019,2.61E+12,2.027446476
Faroe Islands,2019,2901879820,4.538510287
"Micronesia, Fed. Sts.",2019,333726825.1,4.081632653
Gabon,2019,15460241660,3.920808795
United Kingdom,2019,3.16E+12,1.624475159
Georgia,2019,18510819810,5.380719266
Ghana,2019,62465003600,6.507774794
Guinea,2019,12075307750,5.616914469
"Gambia, The",2019,1677527292,6.22205316
Guinea-Bissau,2019,1392722781,5.55045565
Equatorial Guinea,2019,10051326710,-5.481825379
Greece,2019,2.06E+11,2.277180636
Grenada,2019,1134939081,0.676511739
Greenland,2019,2708402651,2.832177568
Guatemala,2019,70794725850,4.017897934
Guam,2019,5959409099,2.523602033
Guyana,2019,5071030136,5.352840035
High income,2019,5.43E+13,1.906097583
"Hong Kong SAR, China",2019,3.32E+11,-1.672391239
Honduras,2019,24338200120,2.559634346
Heavily indebted poor countries (HIPC),2019,7.98E+11,4.424409403
Croatia,2019,57823926880,3.100439114
Haiti,2019,15485274050,-1.723096998
Hungary,2019,1.47E+11,4.864225735
IBRD only,2019,3.10E+13,3.968120592
IDA & IBRD total,2019,3.35E+13,3.969397492
IDA total,2019,2.52E+12,3.984982856
IDA blend,2019,1.18E+12,2.841576525
Indonesia,2019,1.05E+12,5.01928768
IDA only,2019,1.33E+12,5.021661205
Isle of Man,2019,7985161929,0.254878786
India,2019,2.69E+12,3.871436941
Ireland,2019,3.81E+11,5.040550288
"Iran, Islamic Rep.",2019,4.35E+11,-3.070587985
Iraq,2019,2.02E+11,5.513790575
Iceland,2019,20729999820,1.861177943
Israel,2019,3.56E+11,3.785141452
Italy,2019,1.92E+12,0.429162534
Jamaica,2019,14934129340,0.892291654
Jordan,2019,41823826700,1.751240779
Japan,2019,4.56E+12,-0.402169201
Kazakhstan,2019,2.11E+11,4.500000001
Kenya,2019,84264984850,5.114158858
Kyrgyz Republic,2019,7920623120,4.600625657
Cambodia,2019,33099747940,7.936950136
Kiribati,2019,227422251.3,3.264259304
St. Kitts and Nevis,2019,1045836616,2.831267379
Korea,2019,1.64E+12,2.24397786
Kuwait,2019,1.18E+11,2.263816906
Latin America & Caribbean (excluding high income),2019,4.81E+12,0.627524013
Lao PDR,2019,18491844270,5.457735092
Lebanon,2019,46727888410,-6.914924729
Liberia,2019,3211334058,-2.467297635
Libya,2019,60949510650,-11.19608289
St. Lucia,2019,1974662584,-0.700859002
Latin America & Caribbean,2019,5.63E+12,0.683718079
Least developed countries: UN classification,2019,1.11E+12,5.075955233
Low income,2019,4.74E+11,4.299694201
Sri Lanka,2019,97207245810,-0.220483886
Lower middle income,2019,6.23E+12,4.080214853
Low & middle income,2019,3.06E+13,4.073281001
Lesotho,2019,2299976266,-1.417993831
Late-demographic dividend,2019,2.25E+13,4.655641578
Lithuania,2019,49002127210,4.677351558
Luxembourg,2019,66557495890,2.915847915
Latvia,2019,29335802640,0.675375257
"Macao SAR, China",2019,50961633170,-2.563467574
Morocco,2019,1.24E+11,2.890974761
Monaco,2019,7072373237,7.12088952
Moldova,2019,9161406662,3.552314085
Madagascar,2019,13186360200,4.411232129
Maldives,2019,5493408290,7.298335745
Middle East & North Africa,2019,3.53E+12,1.261511646
Mexico,2019,1.28E+12,-0.392690522
Marshall Islands,2019,227200000,10.45211473
Middle income,2019,3.01E+13,4.069871411
North Macedonia,2019,11185494930,3.910419538
Mali,2019,16028741130,4.756160808
Malta,2019,14876818850,4.084706028
Myanmar,2019,75854734830,6.579110068
Middle East & North Africa (excluding high income),2019,1.63E+12,0.905110666
Montenegro,2019,4779777588,4.062944992
Mongolia,2019,14174566530,5.602244221
Northern Mariana Islands,2019,1032436364,-11.4474929
Mozambique,2019,18442825950,2.317813948
Mauritania,2019,7171275535,3.141004893
Mauritius,2019,13871328040,2.891284993
Malawi,2019,10842133930,5.716825192
Malaysia,2019,3.65E+11,4.413187421
North America,2019,2.19E+13,2.530365593
Namibia,2019,11246291860,-0.839152163
Niger,2019,12212475570,5.939852571
Nigeria,2019,5.09E+11,2.208429277
Nicaragua,2019,13096501920,-2.89702792
Netherlands,2019,8.54E+11,2.300091595
Norway,2019,4.10E+11,1.123777874
Nepal,2019,30605298790,6.657055431
Nauru,2019,88701305.32,8.486736592
New Zealand,2019,2.02E+11,2.361962178
OECD members,2019,5.19E+13,1.858230751
Oman,2019,83053651980,-1.128638017
Other small states,2019,1.81E+11,3.844223093
Pakistan,2019,3.63E+11,2.497636929
Panama,2019,66072084970,3.103067886
Peru,2019,2.15E+11,2.240631769
Philippines,2019,3.96E+11,6.118525661
Palau,2019,269381349.4,0.2
Papua New Guinea,2019,24719771860,4.480514571
Poland,2019,5.78E+11,4.580458173
Pre-demographic dividend,2019,1.44E+12,3.312289697
Puerto Rico,2019,96389357180,1.675463795
Portugal,2019,2.22E+11,2.745684716
Paraguay,2019,40677000520,-0.401855101
West Bank and Gaza,2019,15829000000,1.362687466
Pacific island small states,2019,10180684940,1.152065648
Post-demographic dividend,2019,4.86E+13,1.836401756
French Polynesia,2019,5951258396,2.699934499
Qatar,2019,1.67E+11,0.68824096
Romania,2019,2.18E+11,3.92326385
Russian Federation,2019,1.46E+12,2.198075713
Rwanda,2019,11174485680,9.447385186
South Asia,2019,3.47E+12,3.924325624
Saudi Arabia,2019,7.18E+11,1.09773375
Sudan,2019,51312429470,-2.178251045
Senegal,2019,22560634320,4.613628097
Singapore,2019,3.50E+11,1.345058741
Solomon Islands,2019,1487659507,1.748566555
Sierra Leone,2019,8012098354,5.502709374
El Salvador,2019,25779775120,2.437471591
San Marino,2019,1508721723,2.065685147
Somalia,2019,7928267011,2.824313365
Serbia,2019,47719025210,4.750207939
Sub-Saharan Africa (excluding high income),2019,1.83E+12,2.665657909
Sub-Saharan Africa,2019,1.83E+12,2.668540972
Small states,2019,2.29E+11,3.2578815
Sao Tome and Principe,2019,303157496.5,2.014316721
Suriname,2019,5256433829,1.167589772
Slovak Rep.,2019,99543529380,2.275899182
Slovenia,2019,50002577210,3.505251668
Sweden,2019,5.46E+11,2.549647853
Eswatini,2019,4351364120,4.962121425
Sint Maarten (Dutch part),2019,1368162087,10.96500094
Seychelles,2019,1901895701,5.514292074
Syrian Arab Republic,2019,15703131990,1.220705221
Turks and Caicos Islands,2019,1095647326,5.310925248
Chad,2019,10526057300,3.247181917
East Asia & Pacific (IDA & IBRD countries),2019,1.71E+13,5.784202076
Europe & Central Asia (IDA & IBRD countries),2019,4.11E+12,2.698323364
Togo,2019,6859436221,4.922925917
Thailand,2019,4.60E+11,2.114557796
Tajikistan,2019,10943705640,7.400000163
Turkmenistan,2019,45710025790,6.300000042
Latin America & the Caribbean (IDA & IBRD countries),2019,5.41E+12,0.681040123
Timor-Leste,2019,1960846077,24.21288401
Middle East & North Africa (IDA & IBRD countries),2019,1.62E+12,0.90064982
Tonga,2019,483631249.2,-0.208437488
South Asia (IDA & IBRD),2019,3.47E+12,3.924325624
Sub-Saharan Africa (IDA & IBRD countries),2019,1.83E+12,2.668540972
Trinidad and Tobago,2019,23734663450,0.361272406
Tunisia,2019,49340470110,1.587846655
Turkiye,2019,9.97E+11,0.818514527
Tuvalu,2019,45984984.36,13.82209844
Tanzania,2019,60363511320,5.8
Uganda,2019,39600047060,6.438745033
Ukraine,2019,1.02E+11,3.199503862
Upper middle income,2019,2.39E+13,4.067171623
Uruguay,2019,60329073560,0.928351033
United States,2019,2.02E+13,2.58382533
Uzbekistan,2019,1.07E+11,6.779923997
St. Vincent and the Grenadines,2019,863098154.7,0.661727444
Virgin Islands (U.S.),2019,3873124066,2.908335497
Viet Nam,2019,3.15E+11,7.359262701
Vanuatu,2019,864199385.2,3.241187655
World,2019,8.51E+13,2.675966292
Samoa,2019,936894420.7,4.451858917
Kosovo,2019,7547450875,4.75680057
South Africa,2019,3.59E+11,0.259935577
Zambia,2019,24089861640,1.441306026
Zimbabwe,2019,20621078640,-6.332446407
Aruba,2020,2383266969,-26.21182078
Africa Eastern and Southern,2020,9.61E+11,-2.864292511
Afghanistan,2020,20621957120,-2.351100672
Africa Western and Central,2020,8.31E+11,-1.00399404
Angola,2020,81399194250,-5.638214717
Albania,2020,12534895520,-3.313716147
Andorra,2020,2672445971,-11.18393994
Arab World,2020,2.66E+12,-4.711784243
United Arab Emirates,2020,3.83E+11,-4.957052437
Argentina,2020,5.15E+11,-9.900484814
Armenia,2020,11941035820,-7.199999999
American Samoa,2020,656560305.3,4.411764706
Antigua and Barbuda,2020,1371776497,-18.8803992
Australia,2020,1.49E+12,-0.119590736
Austria,2020,3.87E+11,-6.318255287
Azerbaijan,2020,51308988750,-4.300000102
Burundi,2020,3218331065,0.327156893
Belgium,2020,4.70E+11,-4.792983897
Benin,2020,14725558720,3.8487924
Burkina Faso,2020,15332394840,2.010772624
Bangladesh,2020,2.67E+11,3.448017551
Bulgaria,2020,55407582000,-3.215737434
Bahrain,2020,34724774100,-5.911362952
"Bahamas, The",2020,9452936753,-21.42346307
Bosnia and Herzegovina,2020,18115912630,-3.015095148
Belarus,2020,58643480540,-0.672742951
Belize,2020,1955575510,-13.90291006
Bermuda,2020,6372686535,-6.842869643
Bolivia,2020,34855949750,-8.737884434
Brazil,2020,1.76E+12,-3.276758796
Barbados,2020,4554114648,-15.05436295
Brunei Darussalam,2020,13429259990,1.133573406
Bhutan,2020,2380954252,-10.21839741
Botswana,2020,14796883500,-8.728752526
Central African Republic,2020,2004791530,0.899999997
Canada,2020,1.61E+12,-5.038233441
Central Europe and the Baltics,2020,1.48E+12,-3.329068508
Switzerland,2020,7.31E+11,-2.141737207
Channel Islands,2020,9748142574,-8.896779523
Chile,2020,2.46E+11,-6.143474792
China,2020,1.46E+13,2.238638356
Cote d'Ivoire,2020,59423700880,0.699728593
Cameroon,2020,37599547040,0.259932916
"Congo, Dem. Rep.",2020,45259708650,1.735422767
"Congo, Rep.",2020,9926500702,-6.26777228
Colombia,2020,2.98E+11,-7.185914138
Comoros,2020,1090706718,-0.195556827
Cabo Verde,2020,1675762034,-20.8052759
Costa Rica,2020,61631202090,-4.273354322
Caribbean small states,2020,33688259720,-9.602316206
Cuba,2020,81054459000,-10.9490846
Curacao,2020,2308902993,-18.43847035
Cayman Islands,2020,5165012420,-4.954806408
Cyprus,2020,24433463200,-3.220634336
Czechia,2020,2.06E+11,-5.304879546
Germany,2020,3.52E+12,-4.095137491
Djibouti,2020,3068599694,1.316363242
Dominica,2020,472749937.5,-16.60410952
Denmark,2020,3.26E+11,-1.780105988
Dominican Republic,2020,83287066900,-6.720239373
Algeria,2020,1.92E+11,-5
East Asia & Pacific (excluding high income),2020,1.73E+13,1.243677937
Early-demographic dividend,2020,1.14E+13,-4.176095459
East Asia & Pacific,2020,2.63E+13,-0.13403868
Europe & Central Asia (excluding high income),2020,1.74E+12,0.291994242
Europe & Central Asia,2020,2.12E+13,-5.410367964
Ecuador,2020,93971273120,-9.245096377
"Egypt, Arab Rep.",2020,4.12E+11,3.550164838
Euro area,2020,1.20E+13,-6.048673354
Spain,2020,1.19E+12,-10.94007066
Estonia,2020,26519902190,-2.883810041
Ethiopia,2020,95071775770,6.059530886
European Union,2020,1.40E+13,-5.576921085
Fragile and conflict affected situations,2020,1.69E+12,-5.060523415
Finland,2020,2.47E+11,-2.49103621
Fiji,2020,4327208949,-17.03866753
France,2020,2.41E+12,-7.44064593
Faroe Islands,2020,2854366727,-1.63732118
"Micronesia, Fed. Sts.",2020,327183161.8,-1.960784314
Gabon,2020,15176119350,-1.837761064
United Kingdom,2020,2.83E+12,-10.29691887
Georgia,2020,17346401920,-6.290471785
Ghana,2020,62786037290,0.513941671
Guinea,2020,12643401580,4.704590961
"Gambia, The",2020,1687449653,0.591487288
Guinea-Bissau,2020,1413547808,1.495274437
Equatorial Guinea,2020,9569759527,-4.791080834
Greece,2020,1.87E+11,-9.196231471
Grenada,2020,978809798.8,-13.75662226
Greenland,2020,2713483852,0.187608794
Guatemala,2020,69530649250,-1.785551945
Guam,2020,5332547225,-10.51885957
Guyana,2020,7275896377,43.47965172
High income,2020,5.22E+13,-3.86785581
"Hong Kong SAR, China",2020,3.10E+11,-6.544767573
Honduras,2020,22156260470,-8.965082233
Heavily indebted poor countries (HIPC),2020,8.00E+11,0.23286652
Croatia,2020,53017808750,-8.311642579
Haiti,2020,14973407470,-3.30550547
Hungary,2020,1.41E+11,-4.487046048
IBRD only,2020,3.06E+13,-1.326522039
IDA & IBRD total,2020,3.31E+13,-1.291510788
IDA total,2020,2.49E+12,-0.864245918
IDA blend,2020,1.17E+12,-1.523520183
Indonesia,2020,1.03E+12,-2.065511829
IDA only,2020,1.33E+12,-0.278917782
Isle of Man,2020,7279527750,-8.8368174
India,2020,2.53E+12,-5.777724707
Ireland,2020,4.08E+11,7.157898831
"Iran, Islamic Rep.",2020,4.50E+11,3.330288459
Iraq,2020,1.77E+11,-12.03679309
Iceland,2020,19291243910,-6.940453095
Israel,2020,3.51E+11,-1.464605643
Italy,2020,1.75E+12,-8.86822121
Jamaica,2020,13452615560,-9.920322449
Jordan,2020,41362613660,-1.102751883
Japan,2020,4.38E+12,-4.147118899
Kazakhstan,2020,2.06E+11,-2.499999996
Kenya,2020,84035138340,-0.272766327
Kyrgyz Republic,2020,7354379549,-7.148977577
Cambodia,2020,31922812940,-3.555721934
Kiribati,2020,226144100.8,-0.562016449
St. Kitts and Nevis,2020,885254137.3,-15.35445176
Korea,2020,1.63E+12,-0.709415359
Kuwait,2020,1.12E+11,-4.817428606
Latin America & Caribbean (excluding high income),2020,4.50E+12,-6.469955035
Lao PDR,2020,18584864130,0.503031829
Lebanon,2020,36728167160,-21.39989969
Liberia,2020,3115556300,-2.982491276
Libya,2020,42996651430,-29.45529673
St. Lucia,2020,1493611964,-24.36115535
Latin America & Caribbean,2020,5.26E+12,-6.594182117
Least developed countries: UN classification,2020,1.11E+12,-0.112639131
Low income,2020,4.76E+11,0.320842852
Sri Lanka,2020,92711882110,-4.624515037
Lower middle income,2020,6.00E+12,-3.599056405
Low & middle income,2020,3.02E+13,-1.119716999
Lesotho,2020,2112391150,-8.155958799
Late-demographic dividend,2020,2.26E+13,0.212543196
Lithuania,2020,49023106990,0.042814017
Luxembourg,2020,65951935960,-0.909829799
Latvia,2020,28318076420,-3.469229153
"Macao SAR, China",2020,23271041380,-54.3361546
Morocco,2020,1.15E+11,-7.178207442
Monaco,2020,6136054330,-13.23910483
Moldova,2020,8403210633,-8.27597832
Madagascar,2020,12245161110,-7.137671621
Maldives,2020,3685591962,-32.90882878
Middle East & North Africa,2020,3.41E+12,-3.417689588
Mexico,2020,1.17E+12,-8.354034557
Marshall Islands,2020,220900000,-2.772887324
Middle income,2020,2.97E+13,-1.141458515
North Macedonia,2020,10661068590,-4.68845001
Mali,2020,15830713970,-1.235450447
Malta,2020,14359895880,-3.474687509
Myanmar,2020,68991135070,-9.04834718
Middle East & North Africa (excluding high income),2020,1.58E+12,-3.220417691
Montenegro,2020,4048142111,-15.30689376
Mongolia,2020,13528524950,-4.557751976
Northern Mariana Islands,2020,732412121.2,-29.05982906
Mozambique,2020,18217911530,-1.2195225
Mauritania,2020,7145411800,-0.360657384
Mauritius,2020,11853530010,-14.54653815
Malawi,2020,10928176720,0.79359643
Malaysia,2020,3.45E+11,-5.456846584
North America,2020,2.13E+13,-2.387613184
Namibia,2020,10335184540,-8.101402014
Niger,2020,12646096740,3.550641094
Nigeria,2020,5.00E+11,-1.794253083
Nicaragua,2020,12866533510,-1.755952892
Netherlands,2020,8.21E+11,-3.867953393
Norway,2020,4.05E+11,-1.278171785
Nepal,2020,29880069310,-2.369620629
Nauru,2020,90459205.08,1.981819494
New Zealand,2020,2.02E+11,-0.424906458
OECD members,2020,4.98E+13,-3.89788254
Oman,2020,80246670660,-3.379720527
Other small states,2020,1.71E+11,-5.863820009
Pakistan,2020,3.59E+11,-1.274087443
Panama,2020,54297226760,-17.82122997
Peru,2020,1.92E+11,-10.9333065
Philippines,2020,3.59E+11,-9.518294741
Palau,2020,253220015.1,-5.999425856
Papua New Guinea,2020,23936789890,-3.167432041
Poland,2020,5.66E+11,-2.035568824
Pre-demographic dividend,2020,1.41E+12,-2.559131954
Puerto Rico,2020,92359439310,-4.180874309
Portugal,2020,2.04E+11,-8.204632063
Paraguay,2020,40343536410,-0.819785391
West Bank and Gaza,2020,14037400000,-11.31846611
Pacific island small states,2020,9147952342,-10.14403852
Post-demographic dividend,2020,4.66E+13,-4.078746824
French Polynesia,2020,5531635723,-7.050990654
Qatar,2020,1.61E+11,-3.557603999
Romania,2020,2.10E+11,-3.674384409
Russian Federation,2020,1.42E+12,-2.653654501
Rwanda,2020,10797493460,-3.373687464
South Asia,2020,3.31E+12,-4.582701819
Saudi Arabia,2020,6.92E+11,-3.581534863
Sudan,2020,49449890480,-3.629800824
Senegal,2020,22863414670,1.342073773
Singapore,2020,3.36E+11,-3.869798934
Solomon Islands,2020,1437359544,-3.381147541
Sierra Leone,2020,7911678797,-1.253349032
El Salvador,2020,23744951340,-7.89310136
San Marino,2020,1408423248,-6.647910818
Somalia,2020,7710042965,-2.752481039
Serbia,2020,47265683020,-0.950023992
Sub-Saharan Africa (excluding high income),2020,1.79E+12,-2.000071335
Sub-Saharan Africa,2020,1.79E+12,-2.01020207
Small states,2020,2.14E+11,-6.66300887
Sao Tome and Principe,2020,311114954.8,2.624859495
Suriname,2020,4416708447,-15.97519171
Slovak Rep.,2020,96969818950,-2.585512529
Slovenia,2020,47959972850,-4.084998153
Sweden,2020,5.35E+11,-2.005337504
Eswatini,2020,4225737498,-2.88706296
Sint Maarten (Dutch part),2020,1185966832,-13.31678872
Seychelles,2020,1678615793,-11.73986083
Syrian Arab Republic,2020,15593656900,-0.697154504
Turks and Caicos Islands,2020,802200838,-26.78293287
Chad,2020,10357639670,-1.600006737
East Asia & Pacific (IDA & IBRD countries),2020,1.73E+13,1.243567405
Europe & Central Asia (IDA & IBRD countries),2020,4.05E+12,-1.462933314
Togo,2020,6996086824,1.992155019
Thailand,2020,4.32E+11,-6.050038469
Tajikistan,2020,11425228810,4.400001116
Turkmenistan,2020,48406917330,5.900000049
Latin America & the Caribbean (IDA & IBRD countries),2020,5.06E+12,-6.508201195
Timor-Leste,2020,2582939038,31.72574167
Middle East & North Africa (IDA & IBRD countries),2020,1.57E+12,-3.141109552
Tonga,2020,492256304.4,1.78339493
South Asia (IDA & IBRD),2020,3.31E+12,-4.582701819
Sub-Saharan Africa (IDA & IBRD countries),2020,1.79E+12,-2.01020207
Trinidad and Tobago,2020,21580059920,-9.077876893
Tunisia,2020,44893939450,-9.011934124
Turkiye,2020,1.02E+12,1.85987304
Tuvalu,2020,44019157.52,-4.274932069
Tanzania,2020,61565931100,1.991964606
Uganda,2020,40768765790,2.951306422
Ukraine,2020,98118341600,-3.752817939
Upper middle income,2020,2.37E+13,-0.499909451
Uruguay,2020,55876702360,-7.380141845
United States,2020,1.97E+13,-2.163029139
Uzbekistan,2020,1.09E+11,1.563342773
St. Vincent and the Grenadines,2020,830825654.7,-3.739145992
Virgin Islands (U.S.),2020,3810575507,-1.614938178
Viet Nam,2020,3.24E+11,2.865413209
Vanuatu,2020,821054305,-4.992491429
World,2020,8.27E+13,-2.878323196
Samoa,2020,907771582.2,-3.108444011
Kosovo,2020,7144396207,-5.340275478
South Africa,2020,3.37E+11,-6.168917715
Zambia,2020,23418945730,-2.785055065
Zimbabwe,2020,19009139100,-7.816950647
Aruba,2021,2958411905,24.13262736
Africa Eastern and Southern,2021,1.00E+12,4.576392802
Afghanistan,2021,16345202560,-20.73883937
Africa Western and Central,2021,8.65E+11,4.037629514
Angola,2021,82375341950,1.199210521
Albania,2021,13659219670,8.969553392
Andorra,2021,2893905657,8.28677879
Arab World,2021,2.77E+12,4.031106353
United Arab Emirates,2021,4.00E+11,4.354755299
Argentina,2021,5.69E+11,10.44181199
Armenia,2021,12633615890,5.800000001
American Samoa,2021,651422900.8,-0.782472613
Antigua and Barbuda,2021,1484148566,8.191718462
Australia,2021,1.52E+12,2.111168148
Austria,2021,4.06E+11,4.795329106
Azerbaijan,2021,54190732980,5.616451029
Burundi,2021,3318099328,3.099999999
Belgium,2021,5.00E+11,6.202554016
Benin,2021,15779238950,7.155451646
Burkina Faso,2021,16396850180,6.942524926
Bangladesh,2021,2.85E+11,6.938679124
Bulgaria,2021,59718632530,7.780614814
Bahrain,2021,36235315980,4.350040917
"Bahamas, The",2021,10908986680,15.40314894
Bosnia and Herzegovina,2021,19454671750,7.38996234
Belarus,2021,60073714180,2.438862124
Belize,2021,2302615267,17.74617012
Bermuda,2021,6718028462,5.41909484
Bolivia,2021,36986126760,6.111372752
Brazil,2021,1.84E+12,4.762604379
Barbados,2021,4542503210,-0.25496588
Brunei Darussalam,2021,13215632370,-1.590762481
Bhutan,2021,2486224987,4.421367402
Botswana,2021,16560766190,11.92063651
Central African Republic,2021,2024497026,0.982919996
Canada,2021,1.70E+12,5.286956891
Central Europe and the Baltics,2021,1.58E+12,6.53215013
Switzerland,2021,7.71E+11,5.391888041
Channel Islands,2021,10716796130,9.936801364
Chile,2021,2.73E+11,11.33395707
China,2021,1.59E+13,8.448469417
Cote d'Ivoire,2021,63620992430,7.063329102
Cameroon,2021,38854942330,3.338857472
"Congo, Dem. Rep.",2021,48065880290,6.200154011
"Congo, Rep.",2021,10027261660,1.01507037
Colombia,2021,3.31E+11,10.80119819
Comoros,2021,1112522619,2.000161989
Cabo Verde,2021,1793627261,7.033530107
Costa Rica,2021,66522107760,7.935762247
Caribbean small states,2021,37206309800,10.44295582
Cuba,2021,82070633420,1.253693425
Curacao,2021,2405500843,4.183711931
Cayman Islands,2021,5418352633,4.904929413
Cyprus,2021,27215888170,11.38776336
Czechia,2021,2.14E+11,4.029018306
Germany,2021,3.65E+12,3.669999862
Djibouti,2021,3207372443,4.522347746
Dominica,2021,505325005.6,6.890549417
Denmark,2021,3.50E+11,7.38206629
Dominican Republic,2021,93508047620,12.27199023
Algeria,2021,1.99E+11,3.8
East Asia & Pacific (excluding high income),2021,1.86E+13,7.602320292
Early-demographic dividend,2021,1.22E+13,7.408846294
East Asia & Pacific,2021,2.79E+13,6.220399975
Europe & Central Asia (excluding high income),2021,1.90E+12,9.044848348
Europe & Central Asia,2021,2.27E+13,6.744232825
Ecuador,2021,1.03E+11,9.818417748
"Egypt, Arab Rep.",2021,4.26E+11,3.290646012
Euro area,2021,1.28E+13,6.361155565
Spain,2021,1.27E+12,6.683144185
Estonia,2021,28417254670,7.154447483
Ethiopia,2021,1.00E+11,5.641530717
European Union,2021,1.49E+13,6.357771334
Fragile and conflict affected situations,2021,1.73E+12,2.476908576
Finland,2021,2.54E+11,2.734713486
Fiji,2021,4115996320,-4.881036056
France,2021,2.58E+12,6.882337866
Faroe Islands,2021,3011481923,5.504380173
"Micronesia, Fed. Sts.",2021,336344290.4,2.8
Gabon,2021,15398898310,1.467957315
United Kingdom,2021,3.07E+12,8.575950905
Georgia,2021,19192793470,10.64423366
Ghana,2021,65973349390,5.076466435
Guinea,2021,13349198340,5.582332811
"Gambia, The",2021,1776141480,5.255968788
Guinea-Bissau,2021,1500942899,6.182676683
Equatorial Guinea,2021,9652085293,0.860269956
Greece,2021,2.03E+11,8.654497853
Grenada,2021,1024691294,4.687478169
Greenland,2021,2748493505,1.290210488
Guatemala,2021,75116232440,8.033267715
Guam,2021,5442300819,2.058183257
Guyana,2021,8735443232,20.06002806
High income,2021,5.52E+13,5.778494231
"Hong Kong SAR, China",2021,3.30E+11,6.454408241
Honduras,2021,24940257600,12.56528438
Heavily indebted poor countries (HIPC),2021,8.34E+11,4.266050974
Croatia,2021,59714859470,12.63170033
Haiti,2021,14704149690,-1.798239889
Hungary,2021,1.51E+11,7.06122061
IBRD only,2021,3.29E+13,7.540770624
IDA & IBRD total,2021,3.55E+13,7.306454494
IDA total,2021,2.61E+12,4.460277709
IDA blend,2021,1.23E+12,5.172331114
Indonesia,2021,1.07E+12,3.702885628
IDA only,2021,1.38E+12,3.835980523
Isle of Man,2021,7558904135,3.837836666
India,2021,2.78E+12,9.689592492
Ireland,2021,4.74E+11,16.25561324
"Iran, Islamic Rep.",2021,4.71E+11,4.719777732
Iraq,2021,1.80E+11,1.50218071
Iceland,2021,20304846330,5.254209753
Israel,2021,3.83E+11,9.343907746
Italy,2021,1.91E+12,8.931062066
Jamaica,2021,14071627500,4.601424504
Jordan,2021,42874682700,3.65564191
Japan,2021,4.49E+12,2.559320239
Kazakhstan,2021,2.15E+11,4.299999997
Kenya,2021,90413816670,7.590489473
Kyrgyz Republic,2021,7759385792,5.507007627
Cambodia,2021,32909177690,3.089842841
Kiribati,2021,245417596.4,8.522661217
St. Kitts and Nevis,2021,889500509.8,0.479678357
Korea,2021,1.70E+12,4.304734819
Kuwait,2021,1.15E+11,2.260806098
Latin America & Caribbean (excluding high income),2021,4.81E+12,6.863152703
Lao PDR,2021,19054754730,2.528351005
Lebanon,2021,34156740530,-7.001238625
Liberia,2021,3270920146,4.986712835
Libya,2021,55179091530,28.33346246
St. Lucia,2021,1666863090,11.59947362
Latin America & Caribbean,2021,5.63E+12,7.048947577
Least developed countries: UN classification,2021,1.14E+12,2.830079741
Low income,2021,4.86E+11,2.174783405
Sri Lanka,2021,96612712760,4.207476495
Lower middle income,2021,6.40E+12,6.660980441
Low & middle income,2021,3.24E+13,7.337700987
Lesotho,2021,2160272945,2.26671067
Late-demographic dividend,2021,2.43E+13,7.480010748
Lithuania,2021,52150789440,6.380016762
Luxembourg,2021,70679635850,7.168401987
Latvia,2021,30285399220,6.947233162
"Macao SAR, China",2021,28748111090,23.53598889
Morocco,2021,1.24E+11,8.154738898
Monaco,2021,7500235157,22.23221559
Moldova,2021,9573777856,13.92999979
Madagascar,2021,12947986300,5.739615739
Maldives,2021,5067979008,37.50787012
Middle East & North Africa,2021,3.57E+12,4.802550975
Mexico,2021,1.24E+12,6.048483443
Marshall Islands,2021,223600000,1.222272522
Middle income,2021,3.19E+13,7.416774434
North Macedonia,2021,11141955220,4.51067949
Mali,2021,16313964490,3.052613569
Malta,2021,16292781700,13.4603052
Myanmar,2021,60700903300,-12.01637248
Middle East & North Africa (excluding high income),2021,1.65E+12,4.333063891
Montenegro,2021,4576160080,13.04346425
Mongolia,2021,13749955730,1.636769577
Northern Mariana Islands,2021,768812121.2,4.969879518
Mozambique,2021,18651030670,2.377435728
Mauritania,2021,7198481874,0.742715395
Mauritius,2021,12257000310,3.403798662
Malawi,2021,11426314930,4.55829212
Malaysia,2021,3.56E+11,3.315349544
North America,2021,2.26E+13,5.996876288
Namibia,2021,10707646940,3.603829192
Niger,2021,12821067680,1.383596362
Nigeria,2021,5.18E+11,3.647186541
Nicaragua,2021,14193856850,10.31609128
Netherlands,2021,8.73E+11,6.276830732
Norway,2021,4.21E+11,3.908686777
Nepal,2021,31325711770,4.838149614
Nauru,2021,96978233.32,7.206594666
New Zealand,2021,2.11E+11,4.546247639
OECD members,2021,5.28E+13,5.921184331
Oman,2021,82318780120,2.582174989
Other small states,2021,1.83E+11,7.093733063
Pakistan,2021,3.82E+11,6.513885759
Panama,2021,63238418920,16.46712492
Peru,2021,2.17E+11,13.35522951
Philippines,2021,3.79E+11,5.714733134
Palau,2021,218291129.8,-13.79388797
Papua New Guinea,2021,23814388290,-0.511353444
Poland,2021,6.05E+11,6.927182661
Pre-demographic dividend,2021,1.45E+12,3.196054152
Puerto Rico,2021,92715228850,0.38522272
Portugal,2021,2.15E+11,5.558757523
Paraguay,2021,41964030300,4.016737318
West Bank and Gaza,2021,15021700000,7.011982276
Pacific island small states,2021,8901183467,-2.697531272
Post-demographic dividend,2021,4.92E+13,5.640371312
French Polynesia,2021,5647511818,2.094788968
Qatar,2021,1.64E+11,1.626846725
Romania,2021,2.22E+11,5.545709626
Russian Federation,2021,1.50E+12,5.614290376
Rwanda,2021,11969881820,10.85796776
South Asia,2021,3.60E+12,8.763614208
Saudi Arabia,2021,7.28E+11,5.07511035
Sudan,2021,48525909150,-1.868520483
Senegal,2021,24359596780,6.5440011
Singapore,2021,3.69E+11,9.690766871
Solomon Islands,2021,1474218470,2.564349754
Sierra Leone,2021,8378218842,5.896852705
El Salvador,2021,26571731210,11.9047617
San Marino,2021,1604162946,13.89778951
Somalia,2021,7976673824,3.458227929
Serbia,2021,51022858870,7.949056505
Sub-Saharan Africa (excluding high income),2021,1.87E+12,4.330037914
Sub-Saharan Africa,2021,1.87E+12,4.326498682
Small states,2021,2.29E+11,7.202623215
Sao Tome and Principe,2021,317023957.8,1.899298913
Suriname,2021,4309144555,-2.435385836
Slovak Rep.,2021,1.03E+11,5.72698854
Slovenia,2021,51983646870,8.389650321
Sweden,2021,5.67E+11,5.937508573
Eswatini,2021,4369384623,3.399338581
Sint Maarten (Dutch part),2021,1240255612,4.577596779
Seychelles,2021,1687886479,0.552281631
Syrian Arab Republic,2021,15882796960,1.854215901
Turks and Caicos Islands,2021,874603454.3,9.025497471
Chad,2021,10236539490,-1.169187004
East Asia & Pacific (IDA & IBRD countries),2021,1.86E+13,7.602004541
Europe & Central Asia (IDA & IBRD countries),2021,4.35E+12,7.391998517
Togo,2021,7415213718,5.990876104
Thailand,2021,4.39E+11,1.568181765
Tajikistan,2021,12499200270,9.39999955
Turkmenistan,2021,51408146220,6.200000017
Latin America & the Caribbean (IDA & IBRD countries),2021,5.42E+12,7.25639389
Timor-Leste,2021,2721465329,5.363126627
Middle East & North Africa (IDA & IBRD countries),2021,1.63E+12,4.309042918
Tonga,2021,494041235.5,0.362601972
South Asia (IDA & IBRD),2021,3.60E+12,8.763614208
Sub-Saharan Africa (IDA & IBRD countries),2021,1.87E+12,4.326498682
Trinidad and Tobago,2021,21356182720,-1.03742621
Tunisia,2021,47020260420,4.736320748
Turkiye,2021,1.13E+12,11.43939569
Tuvalu,2021,44813322.94,1.804135911
Tanzania,2021,64226431580,4.321384295
Uganda,2021,42210585950,3.536580341
Ukraine,2021,1.02E+11,3.445620657
Upper middle income,2021,2.55E+13,7.607927072
Uruguay,2021,58984504640,5.561892793
United States,2021,2.09E+13,6.055052933
Uzbekistan,2021,1.18E+11,8.034683126
St. Vincent and the Grenadines,2021,837088394.2,0.75379708
Virgin Islands (U.S.),2021,3950332444,3.667607079
Viet Nam,2021,3.32E+11,2.553728526
Vanuatu,2021,808309120.9,-1.552294891
World,2021,8.79E+13,6.350089576
Samoa,2021,843511966.6,-7.078830943
Kosovo,2021,7912108452,10.74565608
South Africa,2021,3.54E+11,4.955032594
Zambia,2021,24879098740,6.234922047
Zimbabwe,2021,20618836210,8.468016898
Aruba,2022,3210407009,8.517918105
Africa Eastern and Southern,2022,1.04E+12,3.553878364
Afghanistan,2022,15325233810,-6.240171992
Africa Western and Central,2022,8.97E+11,3.789679846
Angola,2022,84883445830,3.044726524
Albania,2022,14318507630,4.826688314
Andorra,2022,3170696512,9.564612256
Arab World,2022,2.93E+12,5.721433109
United Arab Emirates,2022,4.30E+11,7.509697032
Argentina,2022,5.99E+11,5.269879674
Armenia,2022,14225451500,12.6
American Samoa,2022,662725190.8,1.735015773
Antigua and Barbuda,2022,1625386016,9.516395644
Australia,2022,1.59E+12,4.242385553
Austria,2022,4.27E+11,5.277894212
Azerbaijan,2022,56745718940,4.714802365
Burundi,2022,3379450966,1.848999439
Belgium,2022,5.21E+11,4.233431834
Benin,2022,16765953410,6.253244914
Burkina Faso,2022,16642350330,1.497239741
Bangladesh,2022,3.06E+11,7.099828776
Bulgaria,2022,62130535270,4.038777583
Bahrain,2022,38402659960,5.981302822
"Bahamas, The",2022,12085195060,10.7820132
Bosnia and Herzegovina,2022,20276983960,4.226811011
Belarus,2022,57275242730,-4.658395916
Belize,2022,2524886205,9.652977724
Bermuda,2022,7150073874,6.431133996
Bolivia,2022,38319728280,3.605680383
Brazil,2022,1.90E+12,3.016694354
Barbados,2022,5352561585,17.83286303
Brunei Darussalam,2022,13000438050,-1.62833154
Bhutan,2022,2615853471,5.213867811
Botswana,2022,17469294490,5.486028178
Central African Republic,2022,2034662229,0.502110003
Canada,2022,1.76E+12,3.819866339
Central Europe and the Baltics,2022,1.64E+12,4.067238251
Switzerland,2022,7.90E+11,2.568328178
Channel Islands,2022,11289283290,5.341961831
Chile,2022,2.79E+11,2.058740081
China,2022,1.63E+13,2.95066993
Cote d'Ivoire,2022,67576850890,6.217850913
Cameroon,2022,40306867600,3.736784006
"Congo, Dem. Rep.",2022,52355494600,8.924447626
"Congo, Rep.",2022,10175199480,1.475356132
Colombia,2022,3.55E+11,7.288883887
Comoros,2022,1141481698,2.603010319
Cabo Verde,2022,2077803747,15.84367568
Costa Rica,2022,69549856030,4.55149178
Caribbean small states,2022,45788913930,23.0676038
Cuba,2022,83527267330,1.774853995
Curacao,2022,2571624732,6.906
Cayman Islands,2022,5697740751,5.156329542
Cyprus,2022,29220507760,7.365622524
Czechia,2022,2.20E+11,2.847170657
Germany,2022,3.70E+12,1.369731055
Djibouti,2022,3326961777,3.72857647
Dominica,2022,533540061.1,5.583546263
Denmark,2022,3.56E+11,1.540173107
Dominican Republic,2022,98050971570,4.858324036
Algeria,2022,2.07E+11,3.6
East Asia & Pacific (excluding high income),2022,1.92E+13,3.386209854
Early-demographic dividend,2022,1.29E+13,5.520735698
East Asia & Pacific,2022,2.87E+13,2.868762261
Europe & Central Asia (excluding high income),2022,1.96E+12,3.103651611
Europe & Central Asia,2022,2.34E+13,3.245424922
Ecuador,2022,1.10E+11,6.186139073
"Egypt, Arab Rep.",2022,4.54E+11,6.587845609
Euro area,2022,1.32E+13,3.546043469
Spain,2022,1.35E+12,6.179312226
Estonia,2022,28434426600,0.060427832
Ethiopia,2022,1.06E+11,5.321176284
European Union,2022,1.55E+13,3.497703287
Fragile and conflict affected situations,2022,1.75E+12,1.098739163
Finland,2022,2.58E+11,1.450048073
Fiji,2022,4930664223,19.79272669
France,2022,2.65E+12,2.570840474
Faroe Islands,2022,3118570937,3.556023804
"Micronesia, Fed. Sts.",2022,333726825.1,-0.778210117
Gabon,2022,15866657480,3.037614495
United Kingdom,2022,3.22E+12,4.839085147
Georgia,2022,21296041910,10.95853214
Ghana,2022,68491885060,3.817504621
Guinea,2022,13879482940,3.972407842
"Gambia, The",2022,1873704900,5.49299823
Guinea-Bissau,2022,1570073805,4.605831807
Equatorial Guinea,2022,9963221065,3.223508317
Greece,2022,2.15E+11,5.74364919
Grenada,2022,1099706286,7.320740616
Guatemala,2022,78271231300,4.200155889
Guam,2022,5719850773,5.099864262
Guyana,2022,14268000140,63.33458716
High income,2022,5.68E+13,2.898925841
"Hong Kong SAR, China",2022,3.18E+11,-3.683571131
Honduras,2022,25973672630,4.14356194
Heavily indebted poor countries (HIPC),2022,8.75E+11,4.810998344
Croatia,2022,64066840470,7.287936432
Haiti,2022,14456828250,-1.681983969
Hungary,2022,1.58E+11,4.583407673
IBRD only,2022,3.41E+13,3.561485841
IDA & IBRD total,2022,3.68E+13,3.617080896
IDA total,2022,2.72E+12,4.312293789
IDA blend,2022,1.28E+12,4.256206737
Indonesia,2022,1.12E+12,5.307419348
IDA only,2022,1.44E+12,4.362101325
India,2022,2.97E+12,6.987039326
Ireland,2022,5.15E+11,8.619503552
"Iran, Islamic Rep.",2022,4.89E+11,3.776631402
Iraq,2022,1.94E+11,7.639811402
Iceland,2022,22130761180,8.992507613
Israel,2022,4.08E+11,6.470371502
Italy,2022,2.00E+12,4.661762651
Jamaica,2022,14806380330,5.221519847
Jordan,2022,44009762560,2.647436164
Japan,2022,4.53E+12,0.954736938
Kazakhstan,2022,2.22E+11,3.2
Kenya,2022,94807911020,4.859981043
Kyrgyz Republic,2022,8455209117,8.9675052
Cambodia,2022,34588654430,5.103368887
Kiribati,2022,255002019.4,3.905352807
St. Kitts and Nevis,2022,983101307.7,10.52284928
Korea,2022,1.74E+12,2.612672192
Kuwait,2022,1.22E+11,5.859208873
Latin America & Caribbean (excluding high income),2022,4.99E+12,3.849238889
Lao PDR,2022,19570648220,2.707426526
Lebanon,2022,33944395260,-0.621678971
Liberia,2022,3428189426,4.808105173
Libya,2022,50625917030,-8.251630041
St. Lucia,2022,2006682594,20.38676757
Latin America & Caribbean,2022,5.85E+12,3.963515512
Least developed countries: UN classification,2022,1.19E+12,4.640437711
Low income,2022,5.04E+11,3.66998545
Sri Lanka,2022,89514778450,-7.346791236
Lower middle income,2022,6.78E+12,5.835270947
Low & middle income,2022,3.37E+13,3.815296992
Lesotho,2022,2211855515,2.387780202
Late-demographic dividend,2022,2.50E+13,3.141934606
Lithuania,2022,53474128760,2.537525009
Luxembourg,2022,71655146210,1.380185891
Latvia,2022,30834377320,1.812682402
"Macao SAR, China",2022,23110797290,-19.60933637
Morocco,2022,1.26E+11,1.52720358
Monaco,2022,8328781592,11.04693943
Moldova,2022,9093606721,-5.015482319
Madagascar,2022,13465905750,3.999999999
Maldives,2022,5768682323,13.82608952
Middle East & North Africa,2022,3.77E+12,5.63441269
Mexico,2022,1.29E+12,3.689111093
Marshall Islands,2022,221100000,-1.118067979
Middle income,2022,3.32E+13,3.817413926
North Macedonia,2022,11449348860,2.758884153
Mali,2022,16880866880,3.474951711
Malta,2022,16968587190,4.147882816
Myanmar,2022,63151698280,4.037493436
Middle East & North Africa (excluding high income),2022,1.72E+12,4.106014533
Montenegro,2022,4869340027,6.406680329
Mongolia,2022,14441951070,5.032709637
Northern Mariana Islands,2022,896763636.4,16.64275466
Mozambique,2022,19465045720,4.364450745
Mauritania,2022,7687691069,6.796005102
Mauritius,2022,13345407870,8.879885197
Malawi,2022,11531564440,0.921115069
Malaysia,2022,3.88E+11,8.861821876
North America,2022,2.32E+13,2.611585921
Namibia,2022,11280470080,5.349664086
Niger,2022,14346774730,11.9
Nigeria,2022,5.35E+11,3.251681408
Nicaragua,2022,14726450780,3.752284757
Netherlands,2022,9.17E+11,5.00723459
Norway,2022,4.33E+11,3.005635161
Nepal,2022,33089761140,5.631314559
Nauru,2022,99909532.58,3.022636275
New Zealand,2022,2.17E+11,2.774842648
OECD members,2022,5.44E+13,3.03275924
Oman,2022,90202537050,9.577106131
Other small states,2022,1.92E+11,4.886846816
Pakistan,2022,4.00E+11,4.778106869
Panama,2022,70048985340,10.76966587
Peru,2022,2.23E+11,2.725500216
Philippines,2022,4.08E+11,7.580982128
Palau,2022,215413072.6,-1.318449033
Papua New Guinea,2022,25173614530,5.707584118
Poland,2022,6.37E+11,5.255456974
Pre-demographic dividend,2022,1.51E+12,4.148162935
Puerto Rico,2022,96023410430,3.568110247
Portugal,2022,2.30E+11,6.985841938
Paraguay,2022,42037903090,0.176038366
West Bank and Gaza,2022,15635000000,4.082760273
Pacific island small states,2022,9715268609,9.145807914
Post-demographic dividend,2022,5.06E+13,2.710613015
French Polynesia,2022,5899733908,4.46607459
Qatar,2022,1.71E+11,4.185009713
Romania,2022,2.31E+11,3.965307663
Russian Federation,2022,1.47E+12,-2.069711525
Rwanda,2022,12946352830,8.157733085
South Asia,2022,3.83E+12,6.313203718
Saudi Arabia,2022,7.82E+11,7.485984291
Sudan,2022,48061119940,-0.957816591
Senegal,2022,25291561730,3.825863637
Singapore,2022,3.83E+11,3.838076785
Solomon Islands,2022,1509636295,2.402481436
Sierra Leone,2022,8823400076,5.313554614
El Salvador,2022,27315620690,2.799552169
San Marino,2022,1730866818,7.898441458
Somalia,2022,8194206836,2.727114296
Serbia,2022,52365263370,2.630986444
Sub-Saharan Africa (excluding high income),2022,1.94E+12,3.652721799
Sub-Saharan Africa,2022,1.94E+12,3.662947127
Small states,2022,2.47E+11,8.006409244
Sao Tome and Principe,2022,317558772.4,0.168698492
Suriname,2022,4412832155,2.406222356
Slovak Rep.,2022,1.03E+11,0.449673875
Slovenia,2022,53386808990,2.699237557
Sweden,2022,5.76E+11,1.459288508
Eswatini,2022,4366430078,-0.067619258
Sint Maarten (Dutch part),2022,1361800676,9.800001111
Seychelles,2022,1940678728,14.97685133
Syrian Arab Republic,2022,15999183130,0.732781302
Turks and Caicos Islands,2022,928828864,6.199999486
Chad,2022,10523606940,2.804340748
East Asia & Pacific (IDA & IBRD countries),2022,1.92E+13,3.3861527
Europe & Central Asia (IDA & IBRD countries),2022,4.43E+12,1.730377957
Togo,2022,7842296104,5.759542515
Thailand,2022,4.50E+11,2.462769341
Tajikistan,2022,13499136330,8.000000338
Turkmenistan,2022,54595451250,6.199999936
Latin America & the Caribbean (IDA & IBRD countries),2022,5.64E+12,3.988050986
Timor-Leste,2022,2161272264,-20.58424404
Middle East & North Africa (IDA & IBRD countries),2022,1.70E+12,4.106228449
Tonga,2022,482629574.4,-2.309860027
South Asia (IDA & IBRD),2022,3.83E+12,6.313203718
Sub-Saharan Africa (IDA & IBRD countries),2022,1.94E+12,3.662947127
Trinidad and Tobago,2022,21672731500,1.48223484
Tunisia,2022,48277261600,2.673318218
Turkiye,2022,1.19E+12,5.533427875
Tuvalu,2022,45116847.78,0.677309361
Tanzania,2022,67159014150,4.566005764
Uganda,2022,44147216880,4.588021922
Ukraine,2022,72309415410,-28.75858421
Upper middle income,2022,2.64E+13,3.311556004
Uruguay,2022,61761057230,4.707257615
United States,2022,2.14E+13,2.51237532
Uzbekistan,2022,1.25E+11,6.001342322
St. Vincent and the Grenadines,2022,897022524.2,7.159832866
Virgin Islands (U.S.),2022,3898534418,-1.311232063
Viet Nam,2022,3.59E+11,8.123514468
Vanuatu,2022,823796784.5,1.916057012
World,2022,9.08E+13,3.238021262
Samoa,2022,798752767.9,-5.3062909
Kosovo,2022,8250627930,4.278498958
South Africa,2022,3.61E+11,1.91147996
Zambia,2022,26175604210,5.211223604
Zimbabwe,2022,21884680850,6.139263265
Aruba,2023,3347289756,4.263719415
Africa Eastern and Southern,2023,1.06E+12,2.320137802
Afghanistan,2023,15740683540,2.710886791
Africa Western and Central,2023,9.27E+11,3.354732819
Angola,2023,85733374740,1.00128936
Albania,2023,14882173620,3.936625257
Andorra,2023,3252613194,2.58355481
Arab World,2023,2.96E+12,1.020751343
United Arab Emirates,2023,4.46E+11,3.618706535
Argentina,2023,5.89E+11,-1.611001621
Armenia,2023,15406163970,8.3
Antigua and Barbuda,2023,1688158622,3.862012187
Australia,2023,1.64E+12,3.4419922
Austria,2023,4.23E+11,-0.954962367
Azerbaijan,2023,57383526250,1.123974327
Burundi,2023,3470696162,2.700000597
Belgium,2023,5.27E+11,1.251700632
Benin,2023,17831064520,6.352821609
Burkina Faso,2023,17134994110,2.960181474
Bangladesh,2023,3.23E+11,5.77511237
Bulgaria,2023,63302823430,1.886814839
Bahrain,2023,39547363670,2.980792767
"Bahamas, The",2023,12404130120,2.639055981
Bosnia and Herzegovina,2023,20725333310,2.211124472
Belarus,2023,59501097350,3.886242145
Belize,2023,2553897572,1.149016821
Bermuda,2023,7143293917,-0.094823593
Bolivia,2023,39500728990,3.081965241
Brazil,2023,1.95E+12,2.908480487
Barbados,2023,5571685827,4.09382011
Brunei Darussalam,2023,13183363100,1.407068323
Botswana,2023,17946869750,2.73379817
Central African Republic,2023,2052368906,0.870251451
Canada,2023,1.78E+12,1.248927304
Central Europe and the Baltics,2023,1.65E+12,0.639830853
Switzerland,2023,7.96E+11,0.716066869
Channel Islands,2023,11708680810,3.715005661
Chile,2023,2.80E+11,0.218780667
China,2023,1.72E+13,5.249557864
Cote d'Ivoire,2023,71766615650,6.2
Cameroon,2023,41616173710,3.248344978
"Congo, Dem. Rep.",2023,56837576510,8.560862509
"Congo, Rep.",2023,10369226730,1.906864263
Colombia,2023,3.57E+11,0.610409566
Comoros,2023,1175676775,2.995674572
Cabo Verde,2023,2191572560,5.475435916
Costa Rica,2023,73105190300,5.111921832
Caribbean small states,2023,51538918450,12.55763465
Cuba,2023,81916032940,-1.928992112
Curacao,2023,2679684403,4.202
Cayman Islands,2023,5946143785,4.359675957
Cyprus,2023,29983718470,2.611900909
Czechia,2023,2.20E+11,-0.085330276
Germany,2023,3.69E+12,-0.26643841
Djibouti,2023,3549091359,6.676649644
Dominica,2023,558681739.6,4.712238185
Denmark,2023,3.65E+11,2.495184331
Dominican Republic,2023,1.00E+11,2.360615687
Algeria,2023,2.15E+11,4.1
East Asia & Pacific (excluding high income),2023,2.02E+13,5.107448859
Early-demographic dividend,2023,1.35E+13,4.313112021
East Asia & Pacific,2023,2.99E+13,4.104145625
Europe & Central Asia (excluding high income),2023,2.06E+12,5.042546178
Europe & Central Asia,2023,2.36E+13,1.016144329
Ecuador,2023,1.12E+11,2.355217907
"Egypt, Arab Rep.",2023,4.71E+11,3.758700552
Euro area,2023,1.33E+13,0.401418498
Spain,2023,1.38E+12,2.675663493
Estonia,2023,27574843690,-3.023035841
Ethiopia,2023,1.13E+11,6.498134642
European Union,2023,1.55E+13,0.427838269
Fragile and conflict affected situations,2023,1.78E+12,1.81242145
Finland,2023,2.55E+11,-1.163962815
Fiji,2023,5301661741,7.524290882
France,2023,2.67E+12,0.936487503
Faroe Islands,2023,3196193980,2.489058117
"Micronesia, Fed. Sts.",2023,336344290.4,0.784313725
Gabon,2023,16254737010,2.445880831
United Kingdom,2023,3.23E+12,0.339966158
Georgia,2023,22963990760,7.832201215
Ghana,2023,70508824380,2.944785831
Guinea,2023,14815644970,6.744934446
"Gambia, The",2023,1963596060,4.797508952
Guinea-Bissau,2023,1651706154,5.199268297
Equatorial Guinea,2023,9456161987,-5.089308721
Greece,2023,2.20E+11,2.332123883
Grenada,2023,1138923227,3.566128618
Guatemala,2023,81031694940,3.526792142
Guyana,2023,19090957590,33.80261709
High income,2023,5.78E+13,1.779980693
"Hong Kong SAR, China",2023,3.28E+11,3.276526256
Honduras,2023,26904206360,3.582603626
Heavily indebted poor countries (HIPC),2023,9.09E+11,3.981315841
Croatia,2023,66182676630,3.302544881
Haiti,2023,14187369710,-1.863884203
Hungary,2023,1.56E+11,-0.907685956
IBRD only,2023,3.57E+13,4.568027852
IDA & IBRD total,2023,3.85E+13,4.464557484
IDA total,2023,2.80E+12,3.172374324
IDA blend,2023,1.31E+12,2.530259915
Indonesia,2023,1.18E+12,5.048105771
IDA only,2023,1.49E+12,3.748417005
India,2023,3.22E+12,8.152936311
Ireland,2023,4.86E+11,-5.530007361
"Iran, Islamic Rep.",2023,5.14E+11,5.044890511
Iraq,2023,1.88E+11,-2.93555774
Iceland,2023,23245527330,5.03717944
Israel,2023,4.18E+11,2.42300691
Italy,2023,2.01E+12,0.697632994
Jamaica,2023,15132129800,2.200061472
Jordan,2023,45188463500,2.678271538
Japan,2023,4.61E+12,1.679019523
Kazakhstan,2023,2.33E+11,5.1
Kenya,2023,1.00E+11,5.555873013
Kyrgyz Republic,2023,8975322160,6.151391837
Cambodia,2023,36304274720,4.960066589
Kiribati,2023,265519808.5,4.124590543
St. Kitts and Nevis,2023,1005564662,2.284948091
Korea,2023,1.76E+12,1.356733243
Kuwait,2023,1.17E+11,-3.640425903
Latin America & Caribbean (excluding high income),2023,5.09E+12,2.072132928
Lao PDR,2023,20303702350,3.745681402
Liberia,2023,3588757485,4.683756888
Libya,2023,55767393120,10.15581818
St. Lucia,2023,2051031737,2.21007266
Latin America & Caribbean,2023,5.97E+12,2.08842613
Least developed countries: UN classification,2023,1.23E+12,3.431061038
Low income,2023,5.15E+11,2.23905393
Sri Lanka,2023,87457719380,-2.298010562
Lower middle income,2023,7.15E+12,5.546388614
Low & middle income,2023,3.52E+13,4.611459008
Lesotho,2023,2252257826,1.826625259
Late-demographic dividend,2023,2.61E+13,4.149421273
Lithuania,2023,53657150680,0.342262552
Luxembourg,2023,70870003850,-1.095723616
Latvia,2023,31360657010,1.70679525
"Macao SAR, China",2023,40458079950,75.06137693
Morocco,2023,1.30E+11,3.403341301
Monaco,2023,8748833913,5.043382592
Moldova,2023,9164831732,0.78324271
Madagascar,2023,13977610170,3.8
Maldives,2023,6041332856,4.72639189
Middle East & North Africa,2023,3.85E+12,1.977247044
Mexico,2023,1.33E+12,3.199981166
Marshall Islands,2023,212400000,-3.934871099
Middle income,2023,3.47E+13,4.644827063
North Macedonia,2023,11686665220,2.072749779
Mali,2023,17666971040,4.656775991
Malta,2023,18240978810,7.498512459
Myanmar,2023,63756973610,0.958446625
Middle East & North Africa (excluding high income),2023,1.77E+12,3.15107696
Montenegro,2023,5177944070,6.337697542
Mongolia,2023,15513848970,7.422112762
Mozambique,2023,20523332830,5.436859122
Mauritania,2023,8187943518,6.507187199
Mauritius,2023,14274019700,6.958287403
Malawi,2023,11749794460,1.892457988
Malaysia,2023,4.01E+11,3.555487154
North America,2023,2.39E+13,2.762312082
Namibia,2023,11749736030,4.159985755
Niger,2023,14705444100,2.5
Nigeria,2023,5.51E+11,2.860214991
Nicaragua,2023,15399335180,4.569223171
Netherlands,2023,9.17E+11,0.074560722
Norway,2023,4.36E+11,0.479647246
Nepal,2023,33735853500,1.952544633
Nauru,2023,100499697.9,0.590699676
New Zealand,2023,2.18E+11,0.733302172
OECD members,2023,5.54E+13,1.820987063
Oman,2023,91384587280,1.310440113
Other small states,2023,1.97E+11,2.901818569
Pakistan,2023,4.00E+11,-0.039692523
Panama,2023,75232121000,7.399301556
Peru,2023,2.22E+11,-0.550182306
Philippines,2023,4.30E+11,5.545851171
Palau,2023,219456526.3,1.877069798
Papua New Guinea,2023,25937811150,3.035704755
Poland,2023,6.38E+11,0.138832755
Pre-demographic dividend,2023,1.54E+12,2.133873257
Puerto Rico,2023,96564521010,0.563519427
Portugal,2023,2.36E+11,2.526281108
Paraguay,2023,44019622000,4.714124079
West Bank and Gaza,2023,14789000000,-5.410937
Pacific island small states,2023,10240406130,5.405280585
Post-demographic dividend,2023,5.15E+13,1.856886684
Qatar,2023,1.73E+11,1.187159912
Romania,2023,2.36E+11,2.404271779
Russian Federation,2023,1.52E+12,3.6
Rwanda,2023,14013299010,8.241287695
South Asia,2023,4.09E+12,6.7785427
Saudi Arabia,2023,7.76E+11,-0.754914811
Sudan,2023,38395271290,-20.11157597
Senegal,2023,26450942450,4.584061405
Singapore,2023,3.87E+11,1.075031751
Solomon Islands,2023,1556129618,3.079769815
Sierra Leone,2023,9327218153,5.710021898
El Salvador,2023,28274665870,3.510977066
Somalia,2023,8539706089,4.216384326
Serbia,2023,54380001760,3.847471128
Sub-Saharan Africa (excluding high income),2023,1.99E+12,2.798906094
Sub-Saharan Africa,2023,1.99E+12,2.799269454
Small states,2023,2.59E+11,4.801103454
Sao Tome and Principe,2023,318740893.7,0.372252775
Suriname,2023,4524898973,2.539566754
Slovak Rep.,2023,1.04E+11,1.378337272
Slovenia,2023,54514654360,2.112591843
Sweden,2023,5.74E+11,-0.310670185
Eswatini,2023,4585402386,5.014904713
Sint Maarten (Dutch part),2023,1413549101,3.8
Seychelles,2023,2002037446,3.161714355
Turks and Caicos Islands,2023,939974780.1,1.199996745
Chad,2023,10957423660,4.12231962
East Asia & Pacific (IDA & IBRD countries),2023,2.02E+13,5.107389158
Europe & Central Asia (IDA & IBRD countries),2023,4.59E+12,3.649843501
Togo,2023,8344824334,6.407922156
Thailand,2023,4.58E+11,1.887257251
Tajikistan,2023,14619564540,8.299999217
Turkmenistan,2023,58035050710,6.300157585
Latin America & the Caribbean (IDA & IBRD countries),2023,5.76E+12,2.172054618
Timor-Leste,2023,1769696989,-18.11781338
Middle East & North Africa (IDA & IBRD countries),2023,1.75E+12,3.230569457
South Asia (IDA & IBRD),2023,4.09E+12,6.7785427
Sub-Saharan Africa (IDA & IBRD countries),2023,1.99E+12,2.799269454
Trinidad and Tobago,2023,21964809520,1.347675182
Tunisia,2023,48296165320,0.039156567
Turkiye,2023,1.26E+12,5.111168185
Tuvalu,2023,46855113.84,3.852809195
Tanzania,2023,70563656170,5.069523532
Uganda,2023,46503341910,5.336972955
Ukraine,2023,76159411190,5.324335374
Upper middle income,2023,2.75E+13,4.413292905
Uruguay,2023,61988013780,0.367475176
United States,2023,2.21E+13,2.887556009
Uzbekistan,2023,1.33E+11,6.291416351
St. Vincent and the Grenadines,2023,950988378.3,6.016109145
Viet Nam,2023,3.77E+11,5.046430736
Vanuatu,2023,842026927.7,2.212941771
World,2023,9.33E+13,2.833508703
Samoa,2023,867318434.1,8.584091218
Kosovo,2023,8586232700,4.067627014
South Africa,2023,3.63E+11,0.698485195
Zambia,2023,27580695690,5.367942855
Zimbabwe,2023,23052607290,5.336730495
